source,target,source_en,target_en
17127,17128,hcbhb,icbhb
17127,18662,hcbhb,cggib
17127,18672,hcbhb,chgib
17127,22250,hcbhb,afccc
17127,42583,hcbhb,difce
17128,17127,icbhb,hcbhb
17128,18169,icbhb,jgbib
17128,18214,icbhb,ebcib
17128,18567,icbhb,hgfib
17128,18764,icbhb,eghib
17128,19088,icbhb,iiajb
17128,19464,icbhb,egejb
17128,21810,icbhb,abibc
17128,22250,icbhb,afccc
17128,24656,icbhb,gfgec
17128,30652,icbhb,cfgad
17128,42583,icbhb,difce
17128,72204,icbhb,eacch
17128,185848,icbhb,ieifib
17128,476944,icbhb,eejghe
17128,509844,icbhb,eeijaf
17128,891954,icbhb,efjbji
17128,924708,icbhb,iahecj
17128,1275101,icbhb,babfhcb
17654,42583,efghb,difce
17654,537891,efghb,bjihdf
17654,1265907,efghb,hajfgcb
17732,24656,cdhhb,gfgec
17770,18226,ahhhb,gccib
17770,24656,ahhhb,gfgec
17770,25822,ahhhb,ccifc
17783,18907,dihhb,hajib
17783,19490,dihhb,ajejb
17783,19532,dihhb,cdfjb
17783,41504,dihhb,eafbe
17783,69982,dihhb,cijjg
17783,1531588,dihhb,iifbdfb
17820,18412,acihb,cbeib
17820,18567,acihb,hgfib
17820,18569,acihb,jgfib
17820,18907,acihb,hajib
17820,19532,acihb,cdfjb
17820,23334,acihb,edddc
17820,25345,acihb,fedfc
17820,25469,acihb,jgefc
17820,26171,acihb,bhbgc
17820,29439,acihb,jdejc
17820,43593,acihb,djfde
17820,69162,acihb,cgbjg
17820,72204,acihb,eacch
17820,153307,acihb,haddfb
17820,230607,acihb,hagadc
17820,532843,acihb,deicdf
17820,713022,acihb,ccadbh
17820,924300,acihb,aadecj
17820,1437020,acihb,acahdeb
17820,1987171,acihb,bhbhijb
17844,18113,eeihb,dbbib
17844,18226,eeihb,gccib
17844,34671,eeihb,bhged
17844,891954,eeihb,efjbji
17844,1275101,eeihb,babfhcb
17844,1700699,eeihb,jjgaahb
17882,18226,ciihb,gccib
17882,22334,ciihb,eddcc
17882,25822,ciihb,ccifc
17882,43593,ciihb,djfde
17882,891954,ciihb,efjbji
17956,21783,gfjhb,dihbc
17956,69162,gfjhb,cgbjg
18040,19042,aeaib,ceajb
18040,1705053,aeaib,dfafahb
18113,17844,dbbib,eeihb
18113,19086,dbbib,giajb
18113,19532,dbbib,cdfjb
18113,21810,dbbib,abibc
18113,38646,dbbib,gegid
18113,68990,dbbib,ajjig
18113,72859,dbbib,jfich
18113,491503,dbbib,dafbje
18113,1245100,dbbib,aabfecb
18169,17128,jgbib,icbhb
18169,18567,jgbib,hgfib
18169,18581,jgbib,bifib
18169,19136,jgbib,gdbjb
18169,19379,jgbib,jhdjb
18169,19532,jgbib,cdfjb
18169,22141,jgbib,bebcc
18169,43593,jgbib,djfde
18169,185848,jgbib,ieifib
18169,187627,jgbib,hcghib
18169,453923,jgbib,dcjdfe
18169,476944,jgbib,eejghe
18169,532843,jgbib,deicdf
18169,541664,jgbib,eggbef
18169,891954,jgbib,efjbji
18180,19498,aibib,ijejb
18180,70667,aibib,hggah
18214,17128,ebcib,icbhb
18214,18810,ebcib,abiib
18214,19341,ebcib,bedjb
18214,19498,ebcib,ijejb
18214,19532,ebcib,cdfjb
18214,21783,ebcib,dihbc
18214,21810,ebcib,abibc
18214,23334,ebcib,edddc
18214,23378,ebcib,ihddc
18214,24656,ebcib,gfgec
18214,25491,ebcib,bjefc
18214,25858,ebcib,ififc
18214,29439,ebcib,jdejc
18214,30652,ebcib,cfgad
18214,32898,ebcib,ijicd
18214,39723,ebcib,dchjd
18214,42706,ebcib,gahce
18214,66916,ebcib,gbjgg
18214,69982,ebcib,cijjg
18214,76214,ebcib,ebcgh
18214,100147,ebcib,hebaab
18214,243507,ebcib,hafdec
18214,254347,ebcib,hedefc
18214,476903,ebcib,dajghe
18214,541664,ebcib,eggbef
18214,688380,ebcib,aidiig
18214,688390,ebcib,ajdiig
18214,688400,ebcib,aaeiig
18214,891954,ebcib,efjbji
18214,924708,ebcib,iahecj
18214,1707512,ebcib,cbfhahb
18214,2101958,ebcib,ifjbabc
18226,17770,gccib,ahhhb
18226,17844,gccib,eeihb
18226,17882,gccib,ciihb
18226,18554,gccib,effib
18226,18662,gccib,cggib
18226,18672,gccib,chgib
18226,19088,gccib,iiajb
18226,24656,gccib,gfgec
18226,24677,gccib,hhgec
18226,31346,gccib,gedbd
18226,34671,gccib,bhged
18226,43593,gccib,djfde
18226,185848,gccib,ieifib
18226,476944,gccib,eejghe
18289,18581,jicib,bifib
18289,21514,jicib,ebfbc
18289,25858,jicib,ififc
18289,33221,jicib,bccdd
18289,43593,jicib,djfde
18289,63481,jicib,biedg
18289,67205,jicib,fachg
18289,69982,jicib,cijjg
18289,185848,jicib,ieifib
18289,187627,jicib,hcghib
18289,235508,jicib,iaffdc
18289,516123,jicib,dcbgbf
18289,545354,jicib,efdfef
18289,728452,jicib,cfeich
18289,891954,jicib,efjbji
18289,924708,jicib,iahecj
18412,17820,cbeib,acihb
18412,18554,cbeib,effib
18412,19086,cbeib,giajb
18412,21810,cbeib,abibc
18412,23334,cbeib,edddc
18412,24656,cbeib,gfgec
18412,25999,cbeib,jjjfc
18412,29439,cbeib,jdejc
18412,43593,cbeib,djfde
18412,72204,cbeib,eacch
18412,72855,cbeib,ffich
18412,541664,cbeib,eggbef
18412,857178,cbeib,ihbhfi
18412,1275101,cbeib,babfhcb
18412,1587327,cbeib,hcdhifb
18412,1792924,cbeib,ecjcjhb
18449,24656,jeeib,gfgec
18449,24677,jeeib,hhgec
18449,29739,jeeib,jdhjc
18554,18226,effib,gccib
18554,18412,effib,cbeib
18554,24656,effib,gfgec
18554,24677,effib,hhgec
18554,31346,effib,gedbd
18554,32898,effib,ijicd
18554,67205,effib,fachg
18554,76214,effib,ebcgh
18554,176947,effib,hejghb
18554,185848,effib,ieifib
18554,476944,effib,eejghe
18554,770946,effib,gejahh
18554,891954,effib,efjbji
18554,905988,effib,iijfaj
18554,924708,effib,iahecj
18567,17128,hgfib,icbhb
18567,17820,hgfib,acihb
18567,18169,hgfib,jgbib
18567,18581,hgfib,bifib
18567,19088,hgfib,iiajb
18567,19362,hgfib,cgdjb
18567,19492,hgfib,cjejb
18567,30652,hgfib,cfgad
18567,33280,hgfib,aicdd
18567,63481,hgfib,biedg
18567,69162,hgfib,cgbjg
18567,69982,hgfib,cijjg
18567,135167,hgfib,hgbfdb
18567,476944,hgfib,eejghe
18567,688400,hgfib,aaeiig
18567,891954,hgfib,efjbji
18567,1472537,hgfib,hdfcheb
18569,17820,jgfib,acihb
18569,18833,jgfib,ddiib
18569,18907,jgfib,hajib
18569,23334,jgfib,edddc
18569,25858,jgfib,ififc
18569,31844,jgfib,eeibd
18569,42706,jgfib,gahce
18569,43593,jgfib,djfde
18569,58803,jgfib,daiif
18569,61174,jgfib,ehbbg
18569,149807,jgfib,haijeb
18569,453923,jgfib,dcjdfe
18569,532843,jgfib,deicdf
18569,537891,jgfib,bjihdf
18569,795698,jgfib,ijgfjh
18569,843379,jgfib,jhddei
18569,924300,jgfib,aadecj
18569,924708,jgfib,iahecj
18569,1265907,jgfib,hajfgcb
18569,1393268,jgfib,igcdjdb
18569,1437020,jgfib,acahdeb
18581,18169,bifib,jgbib
18581,18289,bifib,jicib
18581,18567,bifib,hgfib
18581,19088,bifib,iiajb
18581,19362,bifib,cgdjb
18581,19491,bifib,bjejb
18581,67205,bifib,fachg
18581,76214,bifib,ebcgh
18581,254347,bifib,hedefc
18581,532843,bifib,deicdf
18581,541664,bifib,eggbef
18581,728452,bifib,cfeich
18581,774497,bifib,hjeehh
18581,1700699,bifib,jjgaahb
18662,17127,cggib,hcbhb
18662,18226,cggib,gccib
18662,18672,cggib,chgib
18672,17127,chgib,hcbhb
18672,18226,chgib,gccib
18672,18662,chgib,cggib
18672,19355,chgib,ffdjb
18672,19379,chgib,jhdjb
18672,25858,chgib,ififc
18672,69162,chgib,cgbjg
18672,491503,chgib,dafbje
18672,924708,chgib,iahecj
18672,1146981,chgib,bijgebb
18764,17128,eghib,icbhb
18764,19472,eghib,chejb
18764,78339,eghib,jddih
18764,185848,eghib,ieifib
18764,924708,eghib,iahecj
18764,1437020,eghib,acahdeb
18810,18214,abiib,ebcib
18810,19088,abiib,iiajb
18810,19136,abiib,gdbjb
18810,19491,abiib,bjejb
18810,23240,abiib,aecdc
18810,1707512,abiib,cbfhahb
18833,18569,ddiib,jgfib
18833,25019,ddiib,jbafc
18833,26245,ddiib,fecgc
18833,61174,ddiib,ehbbg
18907,17783,hajib,dihhb
18907,17820,hajib,acihb
18907,18569,hajib,jgfib
18907,19492,hajib,cjejb
18907,29739,hajib,jdhjc
18907,63481,hajib,biedg
18907,67205,hajib,fachg
18907,76214,hajib,ebcgh
18907,453923,hajib,dcjdfe
18907,541664,hajib,eggbef
18907,924708,hajib,iahecj
19042,18040,ceajb,aeaib
19086,18113,giajb,dbbib
19086,18412,giajb,cbeib
19086,19362,giajb,cgdjb
19086,23173,giajb,dhbdc
19086,24689,giajb,jigec
19086,25999,giajb,jjjfc
19086,1847518,giajb,ibfheib
19088,17128,iiajb,icbhb
19088,18226,iiajb,gccib
19088,18567,iiajb,hgfib
19088,18581,iiajb,bifib
19088,18810,iiajb,abiib
19088,19491,iiajb,bjejb
19088,21514,iiajb,ebfbc
19088,21810,iiajb,abibc
19088,23334,iiajb,edddc
19088,24689,iiajb,jigec
19088,39723,iiajb,dchjd
19088,42706,iiajb,gahce
19088,42938,iiajb,idjce
19088,43514,iiajb,ebfde
19088,61174,iiajb,ehbbg
19088,70109,iiajb,jabah
19088,72204,iiajb,eacch
19088,75358,iiajb,ifdfh
19088,86087,iiajb,hiagi
19088,256427,iiajb,hcegfc
19088,492443,iiajb,deecje
19088,757126,iiajb,gcbhfh
19088,779331,iiajb,bddjhh
19088,1721795,iiajb,fjhbchb
19136,18169,gdbjb,jgbib
19136,18810,gdbjb,abiib
19136,19490,gdbjb,ajejb
19136,19491,gdbjb,bjejb
19136,254347,gdbjb,hedefc
19136,476944,gdbjb,eejghe
19136,781985,gdbjb,fijbih
19136,891954,gdbjb,efjbji
19136,2077107,gdbjb,habhhac
19341,18214,bedjb,ebcib
19341,23173,bedjb,dhbdc
19341,185848,bedjb,ieifib
19341,476944,bedjb,eejghe
19341,781985,bedjb,fijbih
19341,924708,bedjb,iahecj
19355,18672,ffdjb,chgib
19355,19362,ffdjb,cgdjb
19355,25822,ffdjb,ccifc
19355,25858,ffdjb,ififc
19355,1296782,ffdjb,cihgjcb
19362,18567,cgdjb,hgfib
19362,18581,cgdjb,bifib
19362,19086,cgdjb,giajb
19362,19355,cgdjb,ffdjb
19362,19491,cgdjb,bjejb
19379,18169,jhdjb,jgbib
19379,18672,jhdjb,chgib
19379,21810,jhdjb,abibc
19379,22141,jhdjb,bebcc
19379,23378,jhdjb,ihddc
19379,69162,jhdjb,cgbjg
19379,491503,jhdjb,dafbje
19379,924708,jhdjb,iahecj
19379,1721795,jhdjb,fjhbchb
19409,23378,jaejb,ihddc
19409,43563,jaejb,dgfde
19409,69162,jaejb,cgbjg
19409,119787,jaejb,hihjbb
19464,17128,egejb,icbhb
19464,24689,egejb,jigec
19472,18764,chejb,eghib
19490,17783,ajejb,dihhb
19490,19136,ajejb,gdbjb
19490,924708,ajejb,iahecj
19490,1531588,ajejb,iifbdfb
19491,18581,bjejb,bifib
19491,18810,bjejb,abiib
19491,19088,bjejb,iiajb
19491,19136,bjejb,gdbjb
19491,19362,bjejb,cgdjb
19491,20276,bjejb,ghcac
19491,21810,bjejb,abibc
19491,25491,bjejb,bjefc
19491,43514,bjejb,ebfde
19491,43593,bjejb,djfde
19491,68990,bjejb,ajjig
19491,75358,bjejb,ifdfh
19491,699418,bjejb,ibejjg
19491,924300,bjejb,aadecj
19491,1245100,bjejb,aabfecb
19491,1847518,bjejb,ibfheib
19491,2101958,bjejb,ifjbabc
19492,18567,cjejb,hgfib
19492,18907,cjejb,hajib
19492,187627,cjejb,hcghib
19492,688390,cjejb,ajdiig
19492,1437020,cjejb,acahdeb
19498,18180,ijejb,aibib
19498,18214,ijejb,ebcib
19498,25345,ijejb,fedfc
19498,29439,ijejb,jdejc
19498,33280,ijejb,aicdd
19498,33575,ijejb,fhfdd
19498,39723,ijejb,dchjd
19498,39749,ijejb,jehjd
19498,43593,ijejb,djfde
19532,17783,cdfjb,dihhb
19532,17820,cdfjb,acihb
19532,18113,cdfjb,dbbib
19532,18169,cdfjb,jgbib
19532,18214,cdfjb,ebcib
19532,23334,cdfjb,edddc
19532,66916,cdfjb,gbjgg
19532,940593,cdfjb,djfaej
19532,1245100,cdfjb,aabfecb
20276,19491,ghcac,bjejb
20276,24689,ghcac,jigec
20276,75358,ghcac,ifdfh
20276,211907,ghcac,hajbbc
20276,532843,ghcac,deicdf
20276,914314,ghcac,ebdebj
21514,18289,ebfbc,jicib
21514,19088,ebfbc,iiajb
21514,24689,ebfbc,jigec
21514,25858,ebfbc,ififc
21514,43593,ebfbc,djfde
21514,67205,ebfbc,fachg
21514,75358,ebfbc,ifdfh
21514,235508,ebfbc,iaffdc
21514,254347,ebfbc,hedefc
21514,516123,ebfbc,dcbgbf
21514,728452,ebfbc,cfeich
21514,779331,ebfbc,bddjhh
21514,924708,ebfbc,iahecj
21783,17956,dihbc,gfjhb
21783,18214,dihbc,ebcib
21783,25822,dihbc,ccifc
21783,25858,dihbc,ififc
21783,25999,dihbc,jjjfc
21783,31844,dihbc,eeibd
21783,35067,dihbc,hgafd
21783,61174,dihbc,ehbbg
21783,69162,dihbc,cgbjg
21783,149807,dihbc,haijeb
21783,180407,dihbc,haeaib
21783,476903,dihbc,dajghe
21783,487923,dihbc,dcjhie
21783,493064,dihbc,egadje
21783,520444,dihbc,eeeacf
21783,891954,dihbc,efjbji
21783,900725,dihbc,fchaaj
21783,919267,dihbc,hgcjbj
21783,1777661,dihbc,bgghhhb
21810,17128,abibc,icbhb
21810,18113,abibc,dbbib
21810,18214,abibc,ebcib
21810,18412,abibc,cbeib
21810,19088,abibc,iiajb
21810,19379,abibc,jhdjb
21810,19491,abibc,bjejb
21810,23378,abibc,ihddc
21810,24656,abibc,gfgec
21810,25999,abibc,jjjfc
21810,30652,abibc,cfgad
21810,32898,abibc,ijicd
21810,33221,abibc,bccdd
21810,39723,abibc,dchjd
21810,43593,abibc,djfde
21810,68990,abibc,ajjig
21810,72204,abibc,eacch
21810,73072,abibc,chadh
21810,491503,abibc,dafbje
21810,506283,abibc,dicgaf
21810,779331,abibc,bddjhh
21810,916391,abibc,bjdgbj
21810,924300,abibc,aadecj
21810,1587327,abibc,hcdhifb
22141,18169,bebcc,jgbib
22141,19379,bebcc,jhdjb
22250,17127,afccc,hcbhb
22250,17128,afccc,icbhb
22250,42583,afccc,difce
22334,17882,eddcc,ciihb
22334,891954,eddcc,efjbji
22544,68750,eefcc,afhig
22544,100147,eefcc,hebaab
22544,476944,eefcc,eejghe
22544,541664,eefcc,eggbef
23173,19086,dhbdc,giajb
23173,19341,dhbdc,bedjb
23173,476944,dhbdc,eejghe
23173,781985,dhbdc,fijbih
23240,18810,aecdc,abiib
23334,17820,edddc,acihb
23334,18214,edddc,ebcib
23334,18412,edddc,cbeib
23334,18569,edddc,jgfib
23334,19088,edddc,iiajb
23334,19532,edddc,cdfjb
23334,24726,edddc,gchec
23334,25345,edddc,fedfc
23334,42706,edddc,gahce
23334,43593,edddc,djfde
23334,66916,edddc,gbjgg
23334,149807,edddc,haijeb
23334,795698,edddc,ijgfjh
23334,914314,edddc,ebdebj
23334,1393268,edddc,igcdjdb
23334,1437020,edddc,acahdeb
23334,1684975,edddc,fhjeigb
23334,1987171,edddc,bhbhijb
23378,18214,ihddc,ebcib
23378,19379,ihddc,jhdjb
23378,19409,ihddc,jaejb
23378,21810,ihddc,abibc
23378,43563,ihddc,dgfde
23378,43593,ihddc,djfde
23378,69162,ihddc,cgbjg
23378,69982,ihddc,cijjg
23378,476944,ihddc,eejghe
23378,506283,ihddc,dicgaf
23378,774497,ihddc,hjeehh
23378,924708,ihddc,iahecj
24656,17128,gfgec,icbhb
24656,17732,gfgec,cdhhb
24656,17770,gfgec,ahhhb
24656,18214,gfgec,ebcib
24656,18226,gfgec,gccib
24656,18412,gfgec,cbeib
24656,18449,gfgec,jeeib
24656,18554,gfgec,effib
24656,21810,gfgec,abibc
24656,24677,gfgec,hhgec
24656,25345,gfgec,fedfc
24656,29739,gfgec,jdhjc
24656,30652,gfgec,cfgad
24656,43514,gfgec,ebfde
24656,61174,gfgec,ehbbg
24656,63481,gfgec,biedg
24656,69982,gfgec,cijjg
24656,72204,gfgec,eacch
24656,185848,gfgec,ieifib
24656,480124,gfgec,ecbaie
24656,492443,gfgec,deecje
24656,535525,gfgec,fcffdf
24677,18226,hhgec,gccib
24677,18449,hhgec,jeeib
24677,18554,hhgec,effib
24677,24656,hhgec,gfgec
24677,29739,hhgec,jdhjc
24677,31346,hhgec,gedbd
24677,185848,hhgec,ieifib
24677,476944,hhgec,eejghe
24689,19086,jigec,giajb
24689,19088,jigec,iiajb
24689,19464,jigec,egejb
24689,20276,jigec,ghcac
24689,21514,jigec,ebfbc
24689,25999,jigec,jjjfc
24689,29439,jigec,jdejc
24689,32898,jigec,ijicd
24689,67205,jigec,fachg
24689,75358,jigec,ifdfh
24689,779331,jigec,bddjhh
24689,924708,jigec,iahecj
24689,1847518,jigec,ibfheib
24726,23334,gchec,edddc
24726,25345,gchec,fedfc
24726,38646,gchec,gegid
24726,42706,gchec,gahce
24726,43593,gchec,djfde
25019,18833,jbafc,ddiib
25019,29439,jbafc,jdejc
25019,61174,jbafc,ehbbg
25345,17820,fedfc,acihb
25345,19498,fedfc,ijejb
25345,23334,fedfc,edddc
25345,24656,fedfc,gfgec
25345,24726,fedfc,gchec
25345,26171,fedfc,bhbgc
25345,39749,fedfc,jehjd
25345,42706,fedfc,gahce
25345,43514,fedfc,ebfde
25345,64484,fedfc,eieeg
25345,72204,fedfc,eacch
25345,180407,fedfc,haeaib
25345,480124,fedfc,ecbaie
25469,17820,jgefc,acihb
25491,18214,bjefc,ebcib
25491,19491,bjefc,bjejb
25491,37662,bjefc,cgghd
25491,174327,bjefc,hcdehb
25491,1707512,bjefc,cbfhahb
25822,17770,ccifc,ahhhb
25822,17882,ccifc,ciihb
25822,19355,ccifc,ffdjb
25822,21783,ccifc,dihbc
25822,86087,ccifc,hiagi
25822,1296782,ccifc,cihgjcb
25828,69162,icifc,cgbjg
25828,757126,icifc,gcbhfh
25828,914314,icifc,ebdebj
25858,18214,ififc,ebcib
25858,18289,ififc,jicib
25858,18569,ififc,jgfib
25858,18672,ififc,chgib
25858,19355,ififc,ffdjb
25858,21514,ififc,ebfbc
25858,21783,ififc,dihbc
25858,29439,ififc,jdejc
25858,33224,ififc,eccdd
25858,43593,ififc,djfde
25858,58803,ififc,daiif
25858,63481,ififc,biedg
25858,67205,ififc,fachg
25858,167967,ififc,hgjhgb
25858,185848,ififc,ieifib
25858,235508,ififc,iaffdc
25858,254347,ififc,hedefc
25858,261593,ififc,djfbgc
25858,478743,ififc,dehihe
25858,516123,ififc,dcbgbf
25858,532843,ififc,deicdf
25858,537891,ififc,bjihdf
25858,545060,ififc,agafef
25858,688380,ififc,aidiig
25858,688390,ififc,ajdiig
25858,728452,ififc,cfeich
25858,857178,ififc,ihbhfi
25858,891954,ififc,efjbji
25858,916391,ififc,bjdgbj
25858,924708,ififc,iahecj
25858,1265907,ififc,hajfgcb
25999,18412,jjjfc,cbeib
25999,19086,jjjfc,giajb
25999,21783,jjjfc,dihbc
25999,21810,jjjfc,abibc
25999,24689,jjjfc,jigec
25999,33280,jjjfc,aicdd
25999,43593,jjjfc,djfde
25999,254347,jjjfc,hedefc
25999,891954,jjjfc,efjbji
25999,1587327,jjjfc,hcdhifb
26171,17820,bhbgc,acihb
26171,25345,bhbgc,fedfc
26171,33280,bhbgc,aicdd
26171,72204,bhbgc,eacch
26245,18833,fecgc,ddiib
26245,72859,fecgc,jfich
26245,900725,fecgc,fchaaj
26245,924708,fecgc,iahecj
29439,17820,jdejc,acihb
29439,18214,jdejc,ebcib
29439,18412,jdejc,cbeib
29439,19498,jdejc,ijejb
29439,24689,jdejc,jigec
29439,25019,jdejc,jbafc
29439,25858,jdejc,ififc
29439,72204,jdejc,eacch
29439,243507,jdejc,hafdec
29439,254347,jdejc,hedefc
29439,487923,jdejc,dcjhie
29439,492443,jdejc,deecje
29439,541664,jdejc,eggbef
29439,713022,jdejc,ccadbh
29439,891954,jdejc,efjbji
29439,924708,jdejc,iahecj
29739,18449,jdhjc,jeeib
29739,18907,jdhjc,hajib
29739,24656,jdhjc,gfgec
29739,24677,jdhjc,hhgec
29739,67205,jdhjc,fachg
29739,76214,jdhjc,ebcgh
30652,17128,cfgad,icbhb
30652,18214,cfgad,ebcib
30652,18567,cfgad,hgfib
30652,21810,cfgad,abibc
30652,24656,cfgad,gfgec
30652,67205,cfgad,fachg
31346,18226,gedbd,gccib
31346,18554,gedbd,effib
31346,24677,gedbd,hhgec
31346,185848,gedbd,ieifib
31346,476944,gedbd,eejghe
31769,261593,jghbd,djfbgc
31844,18569,eeibd,jgfib
31844,21783,eeibd,dihbc
31844,1777661,eeibd,bgghhhb
32898,18214,ijicd,ebcib
32898,18554,ijicd,effib
32898,21810,ijicd,abibc
32898,24689,ijicd,jigec
32898,67205,ijicd,fachg
32898,235508,ijicd,iaffdc
32898,506283,ijicd,dicgaf
32898,843379,ijicd,jhddei
32898,905988,ijicd,iijfaj
32898,1275101,ijicd,babfhcb
33221,18289,bccdd,jicib
33221,21810,bccdd,abibc
33221,63481,bccdd,biedg
33221,69982,bccdd,cijjg
33221,688380,bccdd,aidiig
33224,25858,eccdd,ififc
33224,43593,eccdd,djfde
33224,857178,eccdd,ihbhfi
33280,18567,aicdd,hgfib
33280,19498,aicdd,ijejb
33280,25999,aicdd,jjjfc
33280,26171,aicdd,bhbgc
33280,63481,aicdd,biedg
33575,19498,fhfdd,ijejb
34671,17844,bhged,eeihb
34671,18226,bhged,gccib
35067,21783,hgafd,dihbc
35067,891954,hgafd,efjbji
37662,25491,cgghd,bjefc
37662,174327,cgghd,hcdehb
38646,18113,gegid,dbbib
38646,24726,gegid,gchec
38646,43593,gegid,djfde
38646,75358,gegid,ifdfh
38646,732709,gegid,jahcdh
39723,18214,dchjd,ebcib
39723,19088,dchjd,iiajb
39723,19498,dchjd,ijejb
39723,21810,dchjd,abibc
39723,69162,dchjd,cgbjg
39723,76214,dchjd,ebcgh
39723,100147,dchjd,hebaab
39723,235508,dchjd,iaffdc
39723,254347,dchjd,hedefc
39723,541664,dchjd,eggbef
39723,857178,dchjd,ihbhfi
39723,916391,dchjd,bjdgbj
39749,19498,jehjd,ijejb
39749,25345,jehjd,fedfc
39749,230607,jehjd,hagadc
41504,17783,eafbe,dihhb
42583,17127,difce,hcbhb
42583,17128,difce,icbhb
42583,17654,difce,efghb
42583,22250,difce,afccc
42583,505946,difce,gejfaf
42583,537891,difce,bjihdf
42583,1265907,difce,hajfgcb
42706,18214,gahce,ebcib
42706,18569,gahce,jgfib
42706,19088,gahce,iiajb
42706,23334,gahce,edddc
42706,24726,gahce,gchec
42706,25345,gahce,fedfc
42706,42938,gahce,idjce
42706,43593,gahce,djfde
42706,487923,gahce,dcjhie
42706,515503,gahce,daffbf
42706,1721795,gahce,fjhbchb
42938,19088,idjce,iiajb
42938,42706,idjce,gahce
42938,513783,idjce,dihdbf
43514,19088,ebfde,iiajb
43514,19491,ebfde,bjejb
43514,24656,ebfde,gfgec
43514,25345,ebfde,fedfc
43514,70109,ebfde,jabah
43514,75358,ebfde,ifdfh
43514,492443,ebfde,deecje
43563,19409,dgfde,jaejb
43563,23378,dgfde,ihddc
43563,370420,dgfde,aceahd
43593,17820,djfde,acihb
43593,17882,djfde,ciihb
43593,18169,djfde,jgbib
43593,18226,djfde,gccib
43593,18289,djfde,jicib
43593,18412,djfde,cbeib
43593,18569,djfde,jgfib
43593,19491,djfde,bjejb
43593,19498,djfde,ijejb
43593,21514,djfde,ebfbc
43593,21810,djfde,abibc
43593,23334,djfde,edddc
43593,23378,djfde,ihddc
43593,24726,djfde,gchec
43593,25858,djfde,ififc
43593,25999,djfde,jjjfc
43593,33224,djfde,eccdd
43593,38646,djfde,gegid
43593,42706,djfde,gahce
43593,63481,djfde,biedg
43593,67205,djfde,fachg
43593,68750,djfde,afhig
43593,72983,djfde,dijch
43593,149807,djfde,haijeb
43593,185848,djfde,ieifib
43593,235508,djfde,iaffdc
43593,254347,djfde,hedefc
43593,476944,djfde,eejghe
43593,506283,djfde,dicgaf
43593,532843,djfde,deicdf
43593,545354,djfde,efdfef
43593,688400,djfde,aaeiig
43593,713022,djfde,ccadbh
43593,779331,djfde,bddjhh
43593,795698,djfde,ijgfjh
43593,843379,djfde,jhddei
43593,891954,djfde,efjbji
43593,914314,djfde,ebdebj
43593,924300,djfde,aadecj
43593,924708,djfde,iahecj
43593,1245100,djfde,aabfecb
43593,1437020,djfde,acahdeb
43593,1587327,djfde,hcdhifb
43593,1684975,djfde,fhjeigb
58803,18569,daiif,jgfib
58803,25858,daiif,ififc
58803,537891,daiif,bjihdf
58803,1265907,daiif,hajfgcb
61174,18569,ehbbg,jgfib
61174,18833,ehbbg,ddiib
61174,19088,ehbbg,iiajb
61174,21783,ehbbg,dihbc
61174,24656,ehbbg,gfgec
61174,25019,ehbbg,jbafc
61174,149807,ehbbg,haijeb
61174,757126,ehbbg,gcbhfh
61174,891954,ehbbg,efjbji
61174,900725,ehbbg,fchaaj
61174,1393268,ehbbg,igcdjdb
63481,18289,biedg,jicib
63481,18567,biedg,hgfib
63481,18907,biedg,hajib
63481,24656,biedg,gfgec
63481,25858,biedg,ififc
63481,33221,biedg,bccdd
63481,33280,biedg,aicdd
63481,43593,biedg,djfde
63481,66916,biedg,gbjgg
63481,69162,biedg,cgbjg
63481,69982,biedg,cijjg
63481,72204,biedg,eacch
63481,86087,biedg,hiagi
63481,235508,biedg,iaffdc
63481,246487,biedg,hiegec
63481,545354,biedg,efdfef
63481,713022,biedg,ccadbh
63481,891954,biedg,efjbji
63481,924708,biedg,iahecj
64484,25345,eieeg,fedfc
65198,1716669,ijbfg,jgggbhb
65198,2015154,ijbfg,efbfbac
66916,18214,gbjgg,ebcib
66916,19532,gbjgg,cdfjb
66916,23334,gbjgg,edddc
66916,63481,gbjgg,biedg
66916,69162,gbjgg,cgbjg
66916,86087,gbjgg,hiagi
66916,246487,gbjgg,hiegec
66916,924708,gbjgg,iahecj
67205,18289,fachg,jicib
67205,18554,fachg,effib
67205,18581,fachg,bifib
67205,18907,fachg,hajib
67205,21514,fachg,ebfbc
67205,24689,fachg,jigec
67205,25858,fachg,ififc
67205,29739,fachg,jdhjc
67205,30652,fachg,cfgad
67205,32898,fachg,ijicd
67205,43593,fachg,djfde
67205,76214,fachg,ebcgh
67205,167967,fachg,hgjhgb
67205,185848,fachg,ieifib
67205,235508,fachg,iaffdc
67205,728452,fachg,cfeich
67205,774497,fachg,hjeehh
67205,905988,fachg,iijfaj
67205,924708,fachg,iahecj
68750,22544,afhig,eefcc
68750,43593,afhig,djfde
68750,72983,afhig,dijch
68750,100147,afhig,hebaab
68750,476944,afhig,eejghe
68750,541664,afhig,eggbef
68990,18113,ajjig,dbbib
68990,19491,ajjig,bjejb
68990,21810,ajjig,abibc
68990,491503,ajjig,dafbje
69162,17820,cgbjg,acihb
69162,17956,cgbjg,gfjhb
69162,18567,cgbjg,hgfib
69162,18672,cgbjg,chgib
69162,19379,cgbjg,jhdjb
69162,19409,cgbjg,jaejb
69162,21783,cgbjg,dihbc
69162,23378,cgbjg,ihddc
69162,25828,cgbjg,icifc
69162,39723,cgbjg,dchjd
69162,63481,cgbjg,biedg
69162,66916,cgbjg,gbjgg
69162,75358,cgbjg,ifdfh
69162,86087,cgbjg,hiagi
69162,185848,cgbjg,ieifib
69162,246487,cgbjg,hiegec
69162,491503,cgbjg,dafbje
69162,914314,cgbjg,ebdebj
69162,924708,cgbjg,iahecj
69324,173829,ecdjg,jcidhb
69324,472303,ecdjg,dadche
69324,841321,ecdjg,bcdbei
69982,17783,cijjg,dihhb
69982,18214,cijjg,ebcib
69982,18289,cijjg,jicib
69982,18567,cijjg,hgfib
69982,23378,cijjg,ihddc
69982,24656,cijjg,gfgec
69982,33221,cijjg,bccdd
69982,63481,cijjg,biedg
69982,185848,cijjg,ieifib
69982,492443,cijjg,deecje
69982,545354,cijjg,efdfef
69982,688400,cijjg,aaeiig
69982,891954,cijjg,efjbji
70109,19088,jabah,iiajb
70109,43514,jabah,ebfde
70109,492443,jabah,deecje
70667,18180,hggah,aibib
72204,17128,eacch,icbhb
72204,17820,eacch,acihb
72204,18412,eacch,cbeib
72204,19088,eacch,iiajb
72204,21810,eacch,abibc
72204,24656,eacch,gfgec
72204,25345,eacch,fedfc
72204,26171,eacch,bhbgc
72204,29439,eacch,jdejc
72204,63481,eacch,biedg
72204,254347,eacch,hedefc
72204,781985,eacch,fijbih
72204,1477521,eacch,bcfhheb
72204,1700699,eacch,jjgaahb
72855,18412,ffich,cbeib
72859,18113,jfich,dbbib
72859,26245,jfich,fecgc
72859,900725,jfich,fchaaj
72859,924708,jfich,iahecj
72983,43593,dijch,djfde
72983,68750,dijch,afhig
72983,884973,dijch,dhjeii
73072,21810,chadh,abibc
75358,19088,ifdfh,iiajb
75358,19491,ifdfh,bjejb
75358,20276,ifdfh,ghcac
75358,21514,ifdfh,ebfbc
75358,24689,ifdfh,jigec
75358,38646,ifdfh,gegid
75358,43514,ifdfh,ebfde
75358,69162,ifdfh,cgbjg
75358,487923,ifdfh,dcjhie
75358,769784,ifdfh,eihjgh
75358,779331,ifdfh,bddjhh
75358,857178,ifdfh,ihbhfi
75358,940593,ifdfh,djfaej
76214,18214,ebcgh,ebcib
76214,18554,ebcgh,effib
76214,18581,ebcgh,bifib
76214,18907,ebcgh,hajib
76214,29739,ebcgh,jdhjc
76214,39723,ebcgh,dchjd
76214,67205,ebcgh,fachg
76214,100147,ebcgh,hebaab
76214,332644,ebcgh,eegcdd
76214,370420,ebcgh,aceahd
76214,513783,ebcgh,dihdbf
76214,774497,ebcgh,hjeehh
76214,2101958,ebcgh,ifjbabc
78339,18764,jddih,eghib
78339,185848,jddih,ieifib
78339,924708,jddih,iahecj
78339,1437020,jddih,acahdeb
86087,19088,hiagi,iiajb
86087,25822,hiagi,ccifc
86087,63481,hiagi,biedg
86087,66916,hiagi,gbjgg
86087,69162,hiagi,cgbjg
86087,246487,hiagi,hiegec
86087,261593,hiagi,djfbgc
86087,924708,hiagi,iahecj
93390,176947,ajddj,hejghb
93390,1792924,ajddj,ecjcjhb
93390,1810315,ajddj,fbdabib
100147,18214,hebaab,ebcib
100147,22544,hebaab,eefcc
100147,39723,hebaab,dchjd
100147,68750,hebaab,afhig
100147,76214,hebaab,ebcgh
100147,135167,hebaab,hgbfdb
100147,153307,hebaab,haddfb
100147,254347,hebaab,hedefc
100147,476944,hebaab,eejghe
100147,541664,hebaab,eggbef
100147,891954,hebaab,efjbji
100147,1393268,hebaab,igcdjdb
119787,19409,hihjbb,jaejb
135167,18567,hgbfdb,hgfib
135167,100147,hgbfdb,hebaab
135167,513783,hgbfdb,dihdbf
135167,891954,hgbfdb,efjbji
149807,18569,haijeb,jgfib
149807,21783,haijeb,dihbc
149807,23334,haijeb,edddc
149807,43593,haijeb,djfde
149807,61174,haijeb,ehbbg
149807,795698,haijeb,ijgfjh
149807,900725,haijeb,fchaaj
149807,1437020,haijeb,acahdeb
153307,17820,haddfb,acihb
153307,100147,haddfb,hebaab
153307,1393268,haddfb,igcdjdb
167967,25858,hgjhgb,ififc
167967,67205,hgjhgb,fachg
167967,185848,hgjhgb,ieifib
173829,69324,jcidhb,ecdjg
173829,472303,jcidhb,dadche
173829,841321,jcidhb,bcdbei
174327,25491,hcdehb,bjefc
174327,37662,hcdehb,cgghd
176947,18554,hejghb,effib
176947,93390,hejghb,ajddj
176947,185848,hejghb,ieifib
176947,770946,hejghb,gejahh
176947,924708,hejghb,iahecj
180407,21783,haeaib,dihbc
180407,25345,haeaib,fedfc
180407,493064,haeaib,egadje
180407,520444,haeaib,eeeacf
180407,699418,haeaib,ibejjg
180407,857178,haeaib,ihbhfi
180407,891954,haeaib,efjbji
185848,17128,ieifib,icbhb
185848,18169,ieifib,jgbib
185848,18226,ieifib,gccib
185848,18289,ieifib,jicib
185848,18554,ieifib,effib
185848,18764,ieifib,eghib
185848,19341,ieifib,bedjb
185848,24656,ieifib,gfgec
185848,24677,ieifib,hhgec
185848,25858,ieifib,ififc
185848,31346,ieifib,gedbd
185848,43593,ieifib,djfde
185848,67205,ieifib,fachg
185848,69162,ieifib,cgbjg
185848,69982,ieifib,cijjg
185848,78339,ieifib,jddih
185848,167967,ieifib,hgjhgb
185848,176947,ieifib,hejghb
185848,476944,ieifib,eejghe
185848,492443,ieifib,deecje
185848,535525,ieifib,fcffdf
185848,542061,ieifib,bgacef
185848,770946,ieifib,gejahh
185848,843379,ieifib,jhddei
185848,914314,ieifib,ebdebj
185848,924708,ieifib,iahecj
185848,1146981,ieifib,bijgebb
185848,1437020,ieifib,acahdeb
187627,18169,hcghib,jgbib
187627,18289,hcghib,jicib
187627,19492,hcghib,cjejb
187627,516123,hcghib,dcbgbf
187627,924708,hcghib,iahecj
211907,20276,hajbbc,ghcac
230607,17820,hagadc,acihb
230607,39749,hagadc,jehjd
235508,18289,iaffdc,jicib
235508,21514,iaffdc,ebfbc
235508,25858,iaffdc,ififc
235508,32898,iaffdc,ijicd
235508,39723,iaffdc,dchjd
235508,43593,iaffdc,djfde
235508,63481,iaffdc,biedg
235508,67205,iaffdc,fachg
235508,254347,iaffdc,hedefc
235508,532843,iaffdc,deicdf
243507,18214,hafdec,ebcib
243507,29439,hafdec,jdejc
246487,63481,hiegec,biedg
246487,66916,hiegec,gbjgg
246487,69162,hiegec,cgbjg
246487,86087,hiegec,hiagi
246487,924708,hiegec,iahecj
254347,18214,hedefc,ebcib
254347,18581,hedefc,bifib
254347,19136,hedefc,gdbjb
254347,21514,hedefc,ebfbc
254347,25858,hedefc,ififc
254347,25999,hedefc,jjjfc
254347,29439,hedefc,jdejc
254347,39723,hedefc,dchjd
254347,43593,hedefc,djfde
254347,72204,hedefc,eacch
254347,100147,hedefc,hebaab
254347,235508,hedefc,iaffdc
254347,541664,hedefc,eggbef
254347,739370,hedefc,ahdjdh
256427,19088,hcegfc,iiajb
256427,857178,hcegfc,ihbhfi
261593,25858,djfbgc,ififc
261593,31769,djfbgc,jghbd
261593,86087,djfbgc,hiagi
261593,545060,djfbgc,agafef
261593,857178,djfbgc,ihbhfi
332644,76214,eegcdd,ebcgh
332644,370420,eegcdd,aceahd
332644,2101958,eegcdd,ifjbabc
370420,43563,aceahd,dgfde
370420,76214,aceahd,ebcgh
370420,332644,aceahd,eegcdd
370420,2101958,aceahd,ifjbabc
453923,18169,dcjdfe,jgbib
453923,18569,dcjdfe,jgfib
453923,18907,dcjdfe,hajib
453923,924708,dcjdfe,iahecj
472303,69324,dadche,ecdjg
472303,173829,dadche,jcidhb
472303,841321,dadche,bcdbei
476903,18214,dajghe,ebcib
476903,21783,dajghe,dihbc
476903,924300,dajghe,aadecj
476903,924708,dajghe,iahecj
476944,17128,eejghe,icbhb
476944,18169,eejghe,jgbib
476944,18226,eejghe,gccib
476944,18554,eejghe,effib
476944,18567,eejghe,hgfib
476944,19136,eejghe,gdbjb
476944,19341,eejghe,bedjb
476944,22544,eejghe,eefcc
476944,23173,eejghe,dhbdc
476944,23378,eejghe,ihddc
476944,24677,eejghe,hhgec
476944,31346,eejghe,gedbd
476944,43593,eejghe,djfde
476944,68750,eejghe,afhig
476944,100147,eejghe,hebaab
476944,185848,eejghe,ieifib
476944,541664,eejghe,eggbef
476944,781985,eejghe,fijbih
476944,891954,eejghe,efjbji
476944,1410548,eejghe,iefabeb
478743,25858,dehihe,ififc
480124,24656,ecbaie,gfgec
480124,25345,ecbaie,fedfc
487923,21783,dcjhie,dihbc
487923,29439,dcjhie,jdejc
487923,42706,dcjhie,gahce
487923,75358,dcjhie,ifdfh
487923,713022,dcjhie,ccadbh
487923,1721795,dcjhie,fjhbchb
491503,18113,dafbje,dbbib
491503,18672,dafbje,chgib
491503,19379,dafbje,jhdjb
491503,21810,dafbje,abibc
491503,68990,dafbje,ajjig
491503,69162,dafbje,cgbjg
491503,924708,dafbje,iahecj
492443,19088,deecje,iiajb
492443,24656,deecje,gfgec
492443,29439,deecje,jdejc
492443,43514,deecje,ebfde
492443,69982,deecje,cijjg
492443,70109,deecje,jabah
492443,185848,deecje,ieifib
492443,1146981,deecje,bijgebb
493064,21783,egadje,dihbc
493064,180407,egadje,haeaib
493064,520444,egadje,eeeacf
493064,891954,egadje,efjbji
505946,42583,gejfaf,difce
506283,21810,dicgaf,abibc
506283,23378,dicgaf,ihddc
506283,32898,dicgaf,ijicd
506283,43593,dicgaf,djfde
506283,1275101,dicgaf,babfhcb
509844,17128,eeijaf,icbhb
513783,42938,dihdbf,idjce
513783,76214,dihdbf,ebcgh
513783,135167,dihdbf,hgbfdb
515503,42706,daffbf,gahce
516123,18289,dcbgbf,jicib
516123,21514,dcbgbf,ebfbc
516123,25858,dcbgbf,ififc
516123,187627,dcbgbf,hcghib
516123,924708,dcbgbf,iahecj
520444,21783,eeeacf,dihbc
520444,180407,eeeacf,haeaib
520444,493064,eeeacf,egadje
520444,891954,eeeacf,efjbji
532843,17820,deicdf,acihb
532843,18169,deicdf,jgbib
532843,18569,deicdf,jgfib
532843,18581,deicdf,bifib
532843,20276,deicdf,ghcac
532843,25858,deicdf,ififc
532843,43593,deicdf,djfde
532843,235508,deicdf,iaffdc
532843,541664,deicdf,eggbef
535525,24656,fcffdf,gfgec
535525,185848,fcffdf,ieifib
535525,924708,fcffdf,iahecj
535525,1987171,fcffdf,bhbhijb
537891,17654,bjihdf,efghb
537891,18569,bjihdf,jgfib
537891,25858,bjihdf,ififc
537891,42583,bjihdf,difce
537891,58803,bjihdf,daiif
537891,1265907,bjihdf,hajfgcb
541394,891954,ejdbef,efjbji
541664,18169,eggbef,jgbib
541664,18214,eggbef,ebcib
541664,18412,eggbef,cbeib
541664,18581,eggbef,bifib
541664,18907,eggbef,hajib
541664,22544,eggbef,eefcc
541664,29439,eggbef,jdejc
541664,39723,eggbef,dchjd
541664,68750,eggbef,afhig
541664,100147,eggbef,hebaab
541664,254347,eggbef,hedefc
541664,476944,eggbef,eejghe
541664,532843,eggbef,deicdf
542061,185848,bgacef,ieifib
542061,916391,bgacef,bjdgbj
545060,25858,agafef,ififc
545060,261593,agafef,djfbgc
545060,857178,agafef,ihbhfi
545354,18289,efdfef,jicib
545354,43593,efdfef,djfde
545354,63481,efdfef,biedg
545354,69982,efdfef,cijjg
545354,891954,efdfef,efjbji
688380,18214,aidiig,ebcib
688380,25858,aidiig,ififc
688380,33221,aidiig,bccdd
688390,18214,ajdiig,ebcib
688390,19492,ajdiig,cjejb
688390,25858,ajdiig,ififc
688390,688400,ajdiig,aaeiig
688390,916391,ajdiig,bjdgbj
688390,924708,ajdiig,iahecj
688390,1437020,ajdiig,acahdeb
688400,18214,aaeiig,ebcib
688400,18567,aaeiig,hgfib
688400,43593,aaeiig,djfde
688400,69982,aaeiig,cijjg
688400,688390,aaeiig,ajdiig
699418,19491,ibejjg,bjejb
699418,180407,ibejjg,haeaib
699418,728452,ibejjg,cfeich
699418,1847518,ibejjg,ibfheib
699418,2101958,ibejjg,ifjbabc
713022,17820,ccadbh,acihb
713022,29439,ccadbh,jdejc
713022,43593,ccadbh,djfde
713022,63481,ccadbh,biedg
713022,487923,ccadbh,dcjhie
728452,18289,cfeich,jicib
728452,18581,cfeich,bifib
728452,21514,cfeich,ebfbc
728452,25858,cfeich,ififc
728452,67205,cfeich,fachg
728452,699418,cfeich,ibejjg
728452,924708,cfeich,iahecj
728452,1265907,cfeich,hajfgcb
728452,1437020,cfeich,acahdeb
728452,1700699,cfeich,jjgaahb
732709,38646,jahcdh,gegid
739370,254347,ahdjdh,hedefc
757126,19088,gcbhfh,iiajb
757126,25828,gcbhfh,icifc
757126,61174,gcbhfh,ehbbg
769784,75358,eihjgh,ifdfh
769784,857178,eihjgh,ihbhfi
770946,18554,gejahh,effib
770946,176947,gejahh,hejghb
770946,185848,gejahh,ieifib
770946,924708,gejahh,iahecj
774497,18581,hjeehh,bifib
774497,23378,hjeehh,ihddc
774497,67205,hjeehh,fachg
774497,76214,hjeehh,ebcgh
779331,19088,bddjhh,iiajb
779331,21514,bddjhh,ebfbc
779331,21810,bddjhh,abibc
779331,24689,bddjhh,jigec
779331,43593,bddjhh,djfde
779331,75358,bddjhh,ifdfh
781985,19136,fijbih,gdbjb
781985,19341,fijbih,bedjb
781985,23173,fijbih,dhbdc
781985,72204,fijbih,eacch
781985,476944,fijbih,eejghe
781985,891954,fijbih,efjbji
781985,2077107,fijbih,habhhac
795698,18569,ijgfjh,jgfib
795698,23334,ijgfjh,edddc
795698,43593,ijgfjh,djfde
795698,149807,ijgfjh,haijeb
795698,1437020,ijgfjh,acahdeb
841321,69324,bcdbei,ecdjg
841321,173829,bcdbei,jcidhb
841321,472303,bcdbei,dadche
843379,18569,jhddei,jgfib
843379,32898,jhddei,ijicd
843379,43593,jhddei,djfde
843379,185848,jhddei,ieifib
843379,914314,jhddei,ebdebj
843379,924300,jhddei,aadecj
843379,1809778,jhddei,ihhjaib
857178,18412,ihbhfi,cbeib
857178,25858,ihbhfi,ififc
857178,33224,ihbhfi,eccdd
857178,39723,ihbhfi,dchjd
857178,75358,ihbhfi,ifdfh
857178,180407,ihbhfi,haeaib
857178,256427,ihbhfi,hcegfc
857178,261593,ihbhfi,djfbgc
857178,545060,ihbhfi,agafef
857178,769784,ihbhfi,eihjgh
857178,1275101,ihbhfi,babfhcb
884973,72983,dhjeii,dijch
891954,17128,efjbji,icbhb
891954,17844,efjbji,eeihb
891954,17882,efjbji,ciihb
891954,18169,efjbji,jgbib
891954,18214,efjbji,ebcib
891954,18289,efjbji,jicib
891954,18554,efjbji,effib
891954,18567,efjbji,hgfib
891954,19136,efjbji,gdbjb
891954,21783,efjbji,dihbc
891954,22334,efjbji,eddcc
891954,25858,efjbji,ififc
891954,25999,efjbji,jjjfc
891954,29439,efjbji,jdejc
891954,35067,efjbji,hgafd
891954,43593,efjbji,djfde
891954,61174,efjbji,ehbbg
891954,63481,efjbji,biedg
891954,69982,efjbji,cijjg
891954,100147,efjbji,hebaab
891954,135167,efjbji,hgbfdb
891954,180407,efjbji,haeaib
891954,476944,efjbji,eejghe
891954,493064,efjbji,egadje
891954,520444,efjbji,eeeacf
891954,541394,efjbji,ejdbef
891954,545354,efjbji,efdfef
891954,781985,efjbji,fijbih
891954,924708,efjbji,iahecj
891954,1707512,efjbji,cbfhahb
891954,2077107,efjbji,habhhac
900725,21783,fchaaj,dihbc
900725,26245,fchaaj,fecgc
900725,61174,fchaaj,ehbbg
900725,72859,fchaaj,jfich
900725,149807,fchaaj,haijeb
900725,924708,fchaaj,iahecj
905988,18554,iijfaj,effib
905988,32898,iijfaj,ijicd
905988,67205,iijfaj,fachg
914314,20276,ebdebj,ghcac
914314,23334,ebdebj,edddc
914314,25828,ebdebj,icifc
914314,43593,ebdebj,djfde
914314,69162,ebdebj,cgbjg
914314,185848,ebdebj,ieifib
914314,843379,ebdebj,jhddei
914314,1102187,ebdebj,hibcabb
916391,21810,bjdgbj,abibc
916391,25858,bjdgbj,ififc
916391,39723,bjdgbj,dchjd
916391,542061,bjdgbj,bgacef
916391,688390,bjdgbj,ajdiig
919267,21783,hgcjbj,dihbc
919267,924708,hgcjbj,iahecj
924300,17820,aadecj,acihb
924300,18569,aadecj,jgfib
924300,19491,aadecj,bjejb
924300,21810,aadecj,abibc
924300,43593,aadecj,djfde
924300,476903,aadecj,dajghe
924300,843379,aadecj,jhddei
924708,17128,iahecj,icbhb
924708,18214,iahecj,ebcib
924708,18289,iahecj,jicib
924708,18554,iahecj,effib
924708,18569,iahecj,jgfib
924708,18672,iahecj,chgib
924708,18764,iahecj,eghib
924708,18907,iahecj,hajib
924708,19341,iahecj,bedjb
924708,19379,iahecj,jhdjb
924708,19490,iahecj,ajejb
924708,21514,iahecj,ebfbc
924708,23378,iahecj,ihddc
924708,24689,iahecj,jigec
924708,25858,iahecj,ififc
924708,26245,iahecj,fecgc
924708,29439,iahecj,jdejc
924708,43593,iahecj,djfde
924708,63481,iahecj,biedg
924708,66916,iahecj,gbjgg
924708,67205,iahecj,fachg
924708,69162,iahecj,cgbjg
924708,72859,iahecj,jfich
924708,78339,iahecj,jddih
924708,86087,iahecj,hiagi
924708,176947,iahecj,hejghb
924708,185848,iahecj,ieifib
924708,187627,iahecj,hcghib
924708,246487,iahecj,hiegec
924708,453923,iahecj,dcjdfe
924708,476903,iahecj,dajghe
924708,491503,iahecj,dafbje
924708,516123,iahecj,dcbgbf
924708,535525,iahecj,fcffdf
924708,688390,iahecj,ajdiig
924708,728452,iahecj,cfeich
924708,770946,iahecj,gejahh
924708,891954,iahecj,efjbji
924708,900725,iahecj,fchaaj
924708,919267,iahecj,hgcjbj
924708,1437020,iahecj,acahdeb
940593,19532,djfaej,cdfjb
940593,75358,djfaej,ifdfh
1102187,914314,hibcabb,ebdebj
1146981,18672,bijgebb,chgib
1146981,185848,bijgebb,ieifib
1146981,492443,bijgebb,deecje
1245100,18113,aabfecb,dbbib
1245100,19491,aabfecb,bjejb
1245100,19532,aabfecb,cdfjb
1245100,43593,aabfecb,djfde
1265907,17654,hajfgcb,efghb
1265907,18569,hajfgcb,jgfib
1265907,25858,hajfgcb,ififc
1265907,42583,hajfgcb,difce
1265907,58803,hajfgcb,daiif
1265907,537891,hajfgcb,bjihdf
1265907,728452,hajfgcb,cfeich
1265907,1437020,hajfgcb,acahdeb
1275101,17128,babfhcb,icbhb
1275101,17844,babfhcb,eeihb
1275101,18412,babfhcb,cbeib
1275101,32898,babfhcb,ijicd
1275101,506283,babfhcb,dicgaf
1275101,857178,babfhcb,ihbhfi
1296782,19355,cihgjcb,ffdjb
1296782,25822,cihgjcb,ccifc
1393268,18569,igcdjdb,jgfib
1393268,23334,igcdjdb,edddc
1393268,61174,igcdjdb,ehbbg
1393268,100147,igcdjdb,hebaab
1393268,153307,igcdjdb,haddfb
1394074,1472537,ehaejdb,hdfcheb
1410548,476944,iefabeb,eejghe
1437020,17820,acahdeb,acihb
1437020,18569,acahdeb,jgfib
1437020,18764,acahdeb,eghib
1437020,19492,acahdeb,cjejb
1437020,23334,acahdeb,edddc
1437020,43593,acahdeb,djfde
1437020,78339,acahdeb,jddih
1437020,149807,acahdeb,haijeb
1437020,185848,acahdeb,ieifib
1437020,688390,acahdeb,ajdiig
1437020,728452,acahdeb,cfeich
1437020,795698,acahdeb,ijgfjh
1437020,924708,acahdeb,iahecj
1437020,1265907,acahdeb,hajfgcb
1472537,18567,hdfcheb,hgfib
1472537,1394074,hdfcheb,ehaejdb
1477521,72204,bcfhheb,eacch
1531588,17783,iifbdfb,dihhb
1531588,19490,iifbdfb,ajejb
1587327,18412,hcdhifb,cbeib
1587327,21810,hcdhifb,abibc
1587327,25999,hcdhifb,jjjfc
1587327,43593,hcdhifb,djfde
1684975,23334,fhjeigb,edddc
1684975,43593,fhjeigb,djfde
1700699,17844,jjgaahb,eeihb
1700699,18581,jjgaahb,bifib
1700699,72204,jjgaahb,eacch
1700699,728452,jjgaahb,cfeich
1705053,18040,dfafahb,aeaib
1707512,18214,cbfhahb,ebcib
1707512,18810,cbfhahb,abiib
1707512,25491,cbfhahb,bjefc
1707512,891954,cbfhahb,efjbji
1716669,65198,jgggbhb,ijbfg
1716669,2015154,jgggbhb,efbfbac
1721795,19088,fjhbchb,iiajb
1721795,19379,fjhbchb,jhdjb
1721795,42706,fjhbchb,gahce
1721795,487923,fjhbchb,dcjhie
1777661,21783,bgghhhb,dihbc
1777661,31844,bgghhhb,eeibd
1792924,18412,ecjcjhb,cbeib
1792924,93390,ecjcjhb,ajddj
1792924,1810315,ecjcjhb,fbdabib
1809778,843379,ihhjaib,jhddei
1810315,93390,fbdabib,ajddj
1810315,1792924,fbdabib,ecjcjhb
1847518,19086,ibfheib,giajb
1847518,19491,ibfheib,bjejb
1847518,24689,ibfheib,jigec
1847518,699418,ibfheib,ibejjg
1847518,2101958,ibfheib,ifjbabc
1987171,17820,bhbhijb,acihb
1987171,23334,bhbhijb,edddc
1987171,535525,bhbhijb,fcffdf
2015154,65198,efbfbac,ijbfg
2015154,1716669,efbfbac,jgggbhb
2077107,19136,habhhac,gdbjb
2077107,781985,habhhac,fijbih
2077107,891954,habhhac,efjbji
2101958,18214,ifjbabc,ebcib
2101958,19491,ifjbabc,bjejb
2101958,76214,ifjbabc,ebcgh
2101958,332644,ifjbabc,eegcdd
2101958,370420,ifjbabc,aceahd
2101958,699418,ifjbabc,ibejjg
2101958,1847518,ifjbabc,ibfheib
17128,17127,icbhb,hcbhb
18662,17127,cggib,hcbhb
18672,17127,chgib,hcbhb
22250,17127,afccc,hcbhb
42583,17127,difce,hcbhb
17127,17128,hcbhb,icbhb
18169,17128,jgbib,icbhb
18214,17128,ebcib,icbhb
18567,17128,hgfib,icbhb
18764,17128,eghib,icbhb
19088,17128,iiajb,icbhb
19464,17128,egejb,icbhb
21810,17128,abibc,icbhb
22250,17128,afccc,icbhb
24656,17128,gfgec,icbhb
30652,17128,cfgad,icbhb
42583,17128,difce,icbhb
72204,17128,eacch,icbhb
185848,17128,ieifib,icbhb
476944,17128,eejghe,icbhb
509844,17128,eeijaf,icbhb
891954,17128,efjbji,icbhb
924708,17128,iahecj,icbhb
1275101,17128,babfhcb,icbhb
42583,17654,difce,efghb
537891,17654,bjihdf,efghb
1265907,17654,hajfgcb,efghb
24656,17732,gfgec,cdhhb
18226,17770,gccib,ahhhb
24656,17770,gfgec,ahhhb
25822,17770,ccifc,ahhhb
18907,17783,hajib,dihhb
19490,17783,ajejb,dihhb
19532,17783,cdfjb,dihhb
41504,17783,eafbe,dihhb
69982,17783,cijjg,dihhb
1531588,17783,iifbdfb,dihhb
18412,17820,cbeib,acihb
18567,17820,hgfib,acihb
18569,17820,jgfib,acihb
18907,17820,hajib,acihb
19532,17820,cdfjb,acihb
23334,17820,edddc,acihb
25345,17820,fedfc,acihb
25469,17820,jgefc,acihb
26171,17820,bhbgc,acihb
29439,17820,jdejc,acihb
43593,17820,djfde,acihb
69162,17820,cgbjg,acihb
72204,17820,eacch,acihb
153307,17820,haddfb,acihb
230607,17820,hagadc,acihb
532843,17820,deicdf,acihb
713022,17820,ccadbh,acihb
924300,17820,aadecj,acihb
1437020,17820,acahdeb,acihb
1987171,17820,bhbhijb,acihb
18113,17844,dbbib,eeihb
18226,17844,gccib,eeihb
34671,17844,bhged,eeihb
891954,17844,efjbji,eeihb
1275101,17844,babfhcb,eeihb
1700699,17844,jjgaahb,eeihb
18226,17882,gccib,ciihb
22334,17882,eddcc,ciihb
25822,17882,ccifc,ciihb
43593,17882,djfde,ciihb
891954,17882,efjbji,ciihb
21783,17956,dihbc,gfjhb
69162,17956,cgbjg,gfjhb
19042,18040,ceajb,aeaib
1705053,18040,dfafahb,aeaib
17844,18113,eeihb,dbbib
19086,18113,giajb,dbbib
19532,18113,cdfjb,dbbib
21810,18113,abibc,dbbib
38646,18113,gegid,dbbib
68990,18113,ajjig,dbbib
72859,18113,jfich,dbbib
491503,18113,dafbje,dbbib
1245100,18113,aabfecb,dbbib
17128,18169,icbhb,jgbib
18567,18169,hgfib,jgbib
18581,18169,bifib,jgbib
19136,18169,gdbjb,jgbib
19379,18169,jhdjb,jgbib
19532,18169,cdfjb,jgbib
22141,18169,bebcc,jgbib
43593,18169,djfde,jgbib
185848,18169,ieifib,jgbib
187627,18169,hcghib,jgbib
453923,18169,dcjdfe,jgbib
476944,18169,eejghe,jgbib
532843,18169,deicdf,jgbib
541664,18169,eggbef,jgbib
891954,18169,efjbji,jgbib
19498,18180,ijejb,aibib
70667,18180,hggah,aibib
17128,18214,icbhb,ebcib
18810,18214,abiib,ebcib
19341,18214,bedjb,ebcib
19498,18214,ijejb,ebcib
19532,18214,cdfjb,ebcib
21783,18214,dihbc,ebcib
21810,18214,abibc,ebcib
23334,18214,edddc,ebcib
23378,18214,ihddc,ebcib
24656,18214,gfgec,ebcib
25491,18214,bjefc,ebcib
25858,18214,ififc,ebcib
29439,18214,jdejc,ebcib
30652,18214,cfgad,ebcib
32898,18214,ijicd,ebcib
39723,18214,dchjd,ebcib
42706,18214,gahce,ebcib
66916,18214,gbjgg,ebcib
69982,18214,cijjg,ebcib
76214,18214,ebcgh,ebcib
100147,18214,hebaab,ebcib
243507,18214,hafdec,ebcib
254347,18214,hedefc,ebcib
476903,18214,dajghe,ebcib
541664,18214,eggbef,ebcib
688380,18214,aidiig,ebcib
688390,18214,ajdiig,ebcib
688400,18214,aaeiig,ebcib
891954,18214,efjbji,ebcib
924708,18214,iahecj,ebcib
1707512,18214,cbfhahb,ebcib
2101958,18214,ifjbabc,ebcib
17770,18226,ahhhb,gccib
17844,18226,eeihb,gccib
17882,18226,ciihb,gccib
18554,18226,effib,gccib
18662,18226,cggib,gccib
18672,18226,chgib,gccib
19088,18226,iiajb,gccib
24656,18226,gfgec,gccib
24677,18226,hhgec,gccib
31346,18226,gedbd,gccib
34671,18226,bhged,gccib
43593,18226,djfde,gccib
185848,18226,ieifib,gccib
476944,18226,eejghe,gccib
18581,18289,bifib,jicib
21514,18289,ebfbc,jicib
25858,18289,ififc,jicib
33221,18289,bccdd,jicib
43593,18289,djfde,jicib
63481,18289,biedg,jicib
67205,18289,fachg,jicib
69982,18289,cijjg,jicib
185848,18289,ieifib,jicib
187627,18289,hcghib,jicib
235508,18289,iaffdc,jicib
516123,18289,dcbgbf,jicib
545354,18289,efdfef,jicib
728452,18289,cfeich,jicib
891954,18289,efjbji,jicib
924708,18289,iahecj,jicib
17820,18412,acihb,cbeib
18554,18412,effib,cbeib
19086,18412,giajb,cbeib
21810,18412,abibc,cbeib
23334,18412,edddc,cbeib
24656,18412,gfgec,cbeib
25999,18412,jjjfc,cbeib
29439,18412,jdejc,cbeib
43593,18412,djfde,cbeib
72204,18412,eacch,cbeib
72855,18412,ffich,cbeib
541664,18412,eggbef,cbeib
857178,18412,ihbhfi,cbeib
1275101,18412,babfhcb,cbeib
1587327,18412,hcdhifb,cbeib
1792924,18412,ecjcjhb,cbeib
24656,18449,gfgec,jeeib
24677,18449,hhgec,jeeib
29739,18449,jdhjc,jeeib
18226,18554,gccib,effib
18412,18554,cbeib,effib
24656,18554,gfgec,effib
24677,18554,hhgec,effib
31346,18554,gedbd,effib
32898,18554,ijicd,effib
67205,18554,fachg,effib
76214,18554,ebcgh,effib
176947,18554,hejghb,effib
185848,18554,ieifib,effib
476944,18554,eejghe,effib
770946,18554,gejahh,effib
891954,18554,efjbji,effib
905988,18554,iijfaj,effib
924708,18554,iahecj,effib
17128,18567,icbhb,hgfib
17820,18567,acihb,hgfib
18169,18567,jgbib,hgfib
18581,18567,bifib,hgfib
19088,18567,iiajb,hgfib
19362,18567,cgdjb,hgfib
19492,18567,cjejb,hgfib
30652,18567,cfgad,hgfib
33280,18567,aicdd,hgfib
63481,18567,biedg,hgfib
69162,18567,cgbjg,hgfib
69982,18567,cijjg,hgfib
135167,18567,hgbfdb,hgfib
476944,18567,eejghe,hgfib
688400,18567,aaeiig,hgfib
891954,18567,efjbji,hgfib
1472537,18567,hdfcheb,hgfib
17820,18569,acihb,jgfib
18833,18569,ddiib,jgfib
18907,18569,hajib,jgfib
23334,18569,edddc,jgfib
25858,18569,ififc,jgfib
31844,18569,eeibd,jgfib
42706,18569,gahce,jgfib
43593,18569,djfde,jgfib
58803,18569,daiif,jgfib
61174,18569,ehbbg,jgfib
149807,18569,haijeb,jgfib
453923,18569,dcjdfe,jgfib
532843,18569,deicdf,jgfib
537891,18569,bjihdf,jgfib
795698,18569,ijgfjh,jgfib
843379,18569,jhddei,jgfib
924300,18569,aadecj,jgfib
924708,18569,iahecj,jgfib
1265907,18569,hajfgcb,jgfib
1393268,18569,igcdjdb,jgfib
1437020,18569,acahdeb,jgfib
18169,18581,jgbib,bifib
18289,18581,jicib,bifib
18567,18581,hgfib,bifib
19088,18581,iiajb,bifib
19362,18581,cgdjb,bifib
19491,18581,bjejb,bifib
67205,18581,fachg,bifib
76214,18581,ebcgh,bifib
254347,18581,hedefc,bifib
532843,18581,deicdf,bifib
541664,18581,eggbef,bifib
728452,18581,cfeich,bifib
774497,18581,hjeehh,bifib
1700699,18581,jjgaahb,bifib
17127,18662,hcbhb,cggib
18226,18662,gccib,cggib
18672,18662,chgib,cggib
17127,18672,hcbhb,chgib
18226,18672,gccib,chgib
18662,18672,cggib,chgib
19355,18672,ffdjb,chgib
19379,18672,jhdjb,chgib
25858,18672,ififc,chgib
69162,18672,cgbjg,chgib
491503,18672,dafbje,chgib
924708,18672,iahecj,chgib
1146981,18672,bijgebb,chgib
17128,18764,icbhb,eghib
19472,18764,chejb,eghib
78339,18764,jddih,eghib
185848,18764,ieifib,eghib
924708,18764,iahecj,eghib
1437020,18764,acahdeb,eghib
18214,18810,ebcib,abiib
19088,18810,iiajb,abiib
19136,18810,gdbjb,abiib
19491,18810,bjejb,abiib
23240,18810,aecdc,abiib
1707512,18810,cbfhahb,abiib
18569,18833,jgfib,ddiib
25019,18833,jbafc,ddiib
26245,18833,fecgc,ddiib
61174,18833,ehbbg,ddiib
17783,18907,dihhb,hajib
17820,18907,acihb,hajib
18569,18907,jgfib,hajib
19492,18907,cjejb,hajib
29739,18907,jdhjc,hajib
63481,18907,biedg,hajib
67205,18907,fachg,hajib
76214,18907,ebcgh,hajib
453923,18907,dcjdfe,hajib
541664,18907,eggbef,hajib
924708,18907,iahecj,hajib
18040,19042,aeaib,ceajb
18113,19086,dbbib,giajb
18412,19086,cbeib,giajb
19362,19086,cgdjb,giajb
23173,19086,dhbdc,giajb
24689,19086,jigec,giajb
25999,19086,jjjfc,giajb
1847518,19086,ibfheib,giajb
17128,19088,icbhb,iiajb
18226,19088,gccib,iiajb
18567,19088,hgfib,iiajb
18581,19088,bifib,iiajb
18810,19088,abiib,iiajb
19491,19088,bjejb,iiajb
21514,19088,ebfbc,iiajb
21810,19088,abibc,iiajb
23334,19088,edddc,iiajb
24689,19088,jigec,iiajb
39723,19088,dchjd,iiajb
42706,19088,gahce,iiajb
42938,19088,idjce,iiajb
43514,19088,ebfde,iiajb
61174,19088,ehbbg,iiajb
70109,19088,jabah,iiajb
72204,19088,eacch,iiajb
75358,19088,ifdfh,iiajb
86087,19088,hiagi,iiajb
256427,19088,hcegfc,iiajb
492443,19088,deecje,iiajb
757126,19088,gcbhfh,iiajb
779331,19088,bddjhh,iiajb
1721795,19088,fjhbchb,iiajb
18169,19136,jgbib,gdbjb
18810,19136,abiib,gdbjb
19490,19136,ajejb,gdbjb
19491,19136,bjejb,gdbjb
254347,19136,hedefc,gdbjb
476944,19136,eejghe,gdbjb
781985,19136,fijbih,gdbjb
891954,19136,efjbji,gdbjb
2077107,19136,habhhac,gdbjb
18214,19341,ebcib,bedjb
23173,19341,dhbdc,bedjb
185848,19341,ieifib,bedjb
476944,19341,eejghe,bedjb
781985,19341,fijbih,bedjb
924708,19341,iahecj,bedjb
18672,19355,chgib,ffdjb
19362,19355,cgdjb,ffdjb
25822,19355,ccifc,ffdjb
25858,19355,ififc,ffdjb
1296782,19355,cihgjcb,ffdjb
18567,19362,hgfib,cgdjb
18581,19362,bifib,cgdjb
19086,19362,giajb,cgdjb
19355,19362,ffdjb,cgdjb
19491,19362,bjejb,cgdjb
18169,19379,jgbib,jhdjb
18672,19379,chgib,jhdjb
21810,19379,abibc,jhdjb
22141,19379,bebcc,jhdjb
23378,19379,ihddc,jhdjb
69162,19379,cgbjg,jhdjb
491503,19379,dafbje,jhdjb
924708,19379,iahecj,jhdjb
1721795,19379,fjhbchb,jhdjb
23378,19409,ihddc,jaejb
43563,19409,dgfde,jaejb
69162,19409,cgbjg,jaejb
119787,19409,hihjbb,jaejb
17128,19464,icbhb,egejb
24689,19464,jigec,egejb
18764,19472,eghib,chejb
17783,19490,dihhb,ajejb
19136,19490,gdbjb,ajejb
924708,19490,iahecj,ajejb
1531588,19490,iifbdfb,ajejb
18581,19491,bifib,bjejb
18810,19491,abiib,bjejb
19088,19491,iiajb,bjejb
19136,19491,gdbjb,bjejb
19362,19491,cgdjb,bjejb
20276,19491,ghcac,bjejb
21810,19491,abibc,bjejb
25491,19491,bjefc,bjejb
43514,19491,ebfde,bjejb
43593,19491,djfde,bjejb
68990,19491,ajjig,bjejb
75358,19491,ifdfh,bjejb
699418,19491,ibejjg,bjejb
924300,19491,aadecj,bjejb
1245100,19491,aabfecb,bjejb
1847518,19491,ibfheib,bjejb
2101958,19491,ifjbabc,bjejb
18567,19492,hgfib,cjejb
18907,19492,hajib,cjejb
187627,19492,hcghib,cjejb
688390,19492,ajdiig,cjejb
1437020,19492,acahdeb,cjejb
18180,19498,aibib,ijejb
18214,19498,ebcib,ijejb
25345,19498,fedfc,ijejb
29439,19498,jdejc,ijejb
33280,19498,aicdd,ijejb
33575,19498,fhfdd,ijejb
39723,19498,dchjd,ijejb
39749,19498,jehjd,ijejb
43593,19498,djfde,ijejb
17783,19532,dihhb,cdfjb
17820,19532,acihb,cdfjb
18113,19532,dbbib,cdfjb
18169,19532,jgbib,cdfjb
18214,19532,ebcib,cdfjb
23334,19532,edddc,cdfjb
66916,19532,gbjgg,cdfjb
940593,19532,djfaej,cdfjb
1245100,19532,aabfecb,cdfjb
19491,20276,bjejb,ghcac
24689,20276,jigec,ghcac
75358,20276,ifdfh,ghcac
211907,20276,hajbbc,ghcac
532843,20276,deicdf,ghcac
914314,20276,ebdebj,ghcac
18289,21514,jicib,ebfbc
19088,21514,iiajb,ebfbc
24689,21514,jigec,ebfbc
25858,21514,ififc,ebfbc
43593,21514,djfde,ebfbc
67205,21514,fachg,ebfbc
75358,21514,ifdfh,ebfbc
235508,21514,iaffdc,ebfbc
254347,21514,hedefc,ebfbc
516123,21514,dcbgbf,ebfbc
728452,21514,cfeich,ebfbc
779331,21514,bddjhh,ebfbc
924708,21514,iahecj,ebfbc
17956,21783,gfjhb,dihbc
18214,21783,ebcib,dihbc
25822,21783,ccifc,dihbc
25858,21783,ififc,dihbc
25999,21783,jjjfc,dihbc
31844,21783,eeibd,dihbc
35067,21783,hgafd,dihbc
61174,21783,ehbbg,dihbc
69162,21783,cgbjg,dihbc
149807,21783,haijeb,dihbc
180407,21783,haeaib,dihbc
476903,21783,dajghe,dihbc
487923,21783,dcjhie,dihbc
493064,21783,egadje,dihbc
520444,21783,eeeacf,dihbc
891954,21783,efjbji,dihbc
900725,21783,fchaaj,dihbc
919267,21783,hgcjbj,dihbc
1777661,21783,bgghhhb,dihbc
17128,21810,icbhb,abibc
18113,21810,dbbib,abibc
18214,21810,ebcib,abibc
18412,21810,cbeib,abibc
19088,21810,iiajb,abibc
19379,21810,jhdjb,abibc
19491,21810,bjejb,abibc
23378,21810,ihddc,abibc
24656,21810,gfgec,abibc
25999,21810,jjjfc,abibc
30652,21810,cfgad,abibc
32898,21810,ijicd,abibc
33221,21810,bccdd,abibc
39723,21810,dchjd,abibc
43593,21810,djfde,abibc
68990,21810,ajjig,abibc
72204,21810,eacch,abibc
73072,21810,chadh,abibc
491503,21810,dafbje,abibc
506283,21810,dicgaf,abibc
779331,21810,bddjhh,abibc
916391,21810,bjdgbj,abibc
924300,21810,aadecj,abibc
1587327,21810,hcdhifb,abibc
18169,22141,jgbib,bebcc
19379,22141,jhdjb,bebcc
17127,22250,hcbhb,afccc
17128,22250,icbhb,afccc
42583,22250,difce,afccc
17882,22334,ciihb,eddcc
891954,22334,efjbji,eddcc
68750,22544,afhig,eefcc
100147,22544,hebaab,eefcc
476944,22544,eejghe,eefcc
541664,22544,eggbef,eefcc
19086,23173,giajb,dhbdc
19341,23173,bedjb,dhbdc
476944,23173,eejghe,dhbdc
781985,23173,fijbih,dhbdc
18810,23240,abiib,aecdc
17820,23334,acihb,edddc
18214,23334,ebcib,edddc
18412,23334,cbeib,edddc
18569,23334,jgfib,edddc
19088,23334,iiajb,edddc
19532,23334,cdfjb,edddc
24726,23334,gchec,edddc
25345,23334,fedfc,edddc
42706,23334,gahce,edddc
43593,23334,djfde,edddc
66916,23334,gbjgg,edddc
149807,23334,haijeb,edddc
795698,23334,ijgfjh,edddc
914314,23334,ebdebj,edddc
1393268,23334,igcdjdb,edddc
1437020,23334,acahdeb,edddc
1684975,23334,fhjeigb,edddc
1987171,23334,bhbhijb,edddc
18214,23378,ebcib,ihddc
19379,23378,jhdjb,ihddc
19409,23378,jaejb,ihddc
21810,23378,abibc,ihddc
43563,23378,dgfde,ihddc
43593,23378,djfde,ihddc
69162,23378,cgbjg,ihddc
69982,23378,cijjg,ihddc
476944,23378,eejghe,ihddc
506283,23378,dicgaf,ihddc
774497,23378,hjeehh,ihddc
924708,23378,iahecj,ihddc
17128,24656,icbhb,gfgec
17732,24656,cdhhb,gfgec
17770,24656,ahhhb,gfgec
18214,24656,ebcib,gfgec
18226,24656,gccib,gfgec
18412,24656,cbeib,gfgec
18449,24656,jeeib,gfgec
18554,24656,effib,gfgec
21810,24656,abibc,gfgec
24677,24656,hhgec,gfgec
25345,24656,fedfc,gfgec
29739,24656,jdhjc,gfgec
30652,24656,cfgad,gfgec
43514,24656,ebfde,gfgec
61174,24656,ehbbg,gfgec
63481,24656,biedg,gfgec
69982,24656,cijjg,gfgec
72204,24656,eacch,gfgec
185848,24656,ieifib,gfgec
480124,24656,ecbaie,gfgec
492443,24656,deecje,gfgec
535525,24656,fcffdf,gfgec
18226,24677,gccib,hhgec
18449,24677,jeeib,hhgec
18554,24677,effib,hhgec
24656,24677,gfgec,hhgec
29739,24677,jdhjc,hhgec
31346,24677,gedbd,hhgec
185848,24677,ieifib,hhgec
476944,24677,eejghe,hhgec
19086,24689,giajb,jigec
19088,24689,iiajb,jigec
19464,24689,egejb,jigec
20276,24689,ghcac,jigec
21514,24689,ebfbc,jigec
25999,24689,jjjfc,jigec
29439,24689,jdejc,jigec
32898,24689,ijicd,jigec
67205,24689,fachg,jigec
75358,24689,ifdfh,jigec
779331,24689,bddjhh,jigec
924708,24689,iahecj,jigec
1847518,24689,ibfheib,jigec
23334,24726,edddc,gchec
25345,24726,fedfc,gchec
38646,24726,gegid,gchec
42706,24726,gahce,gchec
43593,24726,djfde,gchec
18833,25019,ddiib,jbafc
29439,25019,jdejc,jbafc
61174,25019,ehbbg,jbafc
17820,25345,acihb,fedfc
19498,25345,ijejb,fedfc
23334,25345,edddc,fedfc
24656,25345,gfgec,fedfc
24726,25345,gchec,fedfc
26171,25345,bhbgc,fedfc
39749,25345,jehjd,fedfc
42706,25345,gahce,fedfc
43514,25345,ebfde,fedfc
64484,25345,eieeg,fedfc
72204,25345,eacch,fedfc
180407,25345,haeaib,fedfc
480124,25345,ecbaie,fedfc
17820,25469,acihb,jgefc
18214,25491,ebcib,bjefc
19491,25491,bjejb,bjefc
37662,25491,cgghd,bjefc
174327,25491,hcdehb,bjefc
1707512,25491,cbfhahb,bjefc
17770,25822,ahhhb,ccifc
17882,25822,ciihb,ccifc
19355,25822,ffdjb,ccifc
21783,25822,dihbc,ccifc
86087,25822,hiagi,ccifc
1296782,25822,cihgjcb,ccifc
69162,25828,cgbjg,icifc
757126,25828,gcbhfh,icifc
914314,25828,ebdebj,icifc
18214,25858,ebcib,ififc
18289,25858,jicib,ififc
18569,25858,jgfib,ififc
18672,25858,chgib,ififc
19355,25858,ffdjb,ififc
21514,25858,ebfbc,ififc
21783,25858,dihbc,ififc
29439,25858,jdejc,ififc
33224,25858,eccdd,ififc
43593,25858,djfde,ififc
58803,25858,daiif,ififc
63481,25858,biedg,ififc
67205,25858,fachg,ififc
167967,25858,hgjhgb,ififc
185848,25858,ieifib,ififc
235508,25858,iaffdc,ififc
254347,25858,hedefc,ififc
261593,25858,djfbgc,ififc
478743,25858,dehihe,ififc
516123,25858,dcbgbf,ififc
532843,25858,deicdf,ififc
537891,25858,bjihdf,ififc
545060,25858,agafef,ififc
688380,25858,aidiig,ififc
688390,25858,ajdiig,ififc
728452,25858,cfeich,ififc
857178,25858,ihbhfi,ififc
891954,25858,efjbji,ififc
916391,25858,bjdgbj,ififc
924708,25858,iahecj,ififc
1265907,25858,hajfgcb,ififc
18412,25999,cbeib,jjjfc
19086,25999,giajb,jjjfc
21783,25999,dihbc,jjjfc
21810,25999,abibc,jjjfc
24689,25999,jigec,jjjfc
33280,25999,aicdd,jjjfc
43593,25999,djfde,jjjfc
254347,25999,hedefc,jjjfc
891954,25999,efjbji,jjjfc
1587327,25999,hcdhifb,jjjfc
17820,26171,acihb,bhbgc
25345,26171,fedfc,bhbgc
33280,26171,aicdd,bhbgc
72204,26171,eacch,bhbgc
18833,26245,ddiib,fecgc
72859,26245,jfich,fecgc
900725,26245,fchaaj,fecgc
924708,26245,iahecj,fecgc
17820,29439,acihb,jdejc
18214,29439,ebcib,jdejc
18412,29439,cbeib,jdejc
19498,29439,ijejb,jdejc
24689,29439,jigec,jdejc
25019,29439,jbafc,jdejc
25858,29439,ififc,jdejc
72204,29439,eacch,jdejc
243507,29439,hafdec,jdejc
254347,29439,hedefc,jdejc
487923,29439,dcjhie,jdejc
492443,29439,deecje,jdejc
541664,29439,eggbef,jdejc
713022,29439,ccadbh,jdejc
891954,29439,efjbji,jdejc
924708,29439,iahecj,jdejc
18449,29739,jeeib,jdhjc
18907,29739,hajib,jdhjc
24656,29739,gfgec,jdhjc
24677,29739,hhgec,jdhjc
67205,29739,fachg,jdhjc
76214,29739,ebcgh,jdhjc
17128,30652,icbhb,cfgad
18214,30652,ebcib,cfgad
18567,30652,hgfib,cfgad
21810,30652,abibc,cfgad
24656,30652,gfgec,cfgad
67205,30652,fachg,cfgad
18226,31346,gccib,gedbd
18554,31346,effib,gedbd
24677,31346,hhgec,gedbd
185848,31346,ieifib,gedbd
476944,31346,eejghe,gedbd
261593,31769,djfbgc,jghbd
18569,31844,jgfib,eeibd
21783,31844,dihbc,eeibd
1777661,31844,bgghhhb,eeibd
18214,32898,ebcib,ijicd
18554,32898,effib,ijicd
21810,32898,abibc,ijicd
24689,32898,jigec,ijicd
67205,32898,fachg,ijicd
235508,32898,iaffdc,ijicd
506283,32898,dicgaf,ijicd
843379,32898,jhddei,ijicd
905988,32898,iijfaj,ijicd
1275101,32898,babfhcb,ijicd
18289,33221,jicib,bccdd
21810,33221,abibc,bccdd
63481,33221,biedg,bccdd
69982,33221,cijjg,bccdd
688380,33221,aidiig,bccdd
25858,33224,ififc,eccdd
43593,33224,djfde,eccdd
857178,33224,ihbhfi,eccdd
18567,33280,hgfib,aicdd
19498,33280,ijejb,aicdd
25999,33280,jjjfc,aicdd
26171,33280,bhbgc,aicdd
63481,33280,biedg,aicdd
19498,33575,ijejb,fhfdd
17844,34671,eeihb,bhged
18226,34671,gccib,bhged
21783,35067,dihbc,hgafd
891954,35067,efjbji,hgafd
25491,37662,bjefc,cgghd
174327,37662,hcdehb,cgghd
18113,38646,dbbib,gegid
24726,38646,gchec,gegid
43593,38646,djfde,gegid
75358,38646,ifdfh,gegid
732709,38646,jahcdh,gegid
18214,39723,ebcib,dchjd
19088,39723,iiajb,dchjd
19498,39723,ijejb,dchjd
21810,39723,abibc,dchjd
69162,39723,cgbjg,dchjd
76214,39723,ebcgh,dchjd
100147,39723,hebaab,dchjd
235508,39723,iaffdc,dchjd
254347,39723,hedefc,dchjd
541664,39723,eggbef,dchjd
857178,39723,ihbhfi,dchjd
916391,39723,bjdgbj,dchjd
19498,39749,ijejb,jehjd
25345,39749,fedfc,jehjd
230607,39749,hagadc,jehjd
17783,41504,dihhb,eafbe
17127,42583,hcbhb,difce
17128,42583,icbhb,difce
17654,42583,efghb,difce
22250,42583,afccc,difce
505946,42583,gejfaf,difce
537891,42583,bjihdf,difce
1265907,42583,hajfgcb,difce
18214,42706,ebcib,gahce
18569,42706,jgfib,gahce
19088,42706,iiajb,gahce
23334,42706,edddc,gahce
24726,42706,gchec,gahce
25345,42706,fedfc,gahce
42938,42706,idjce,gahce
43593,42706,djfde,gahce
487923,42706,dcjhie,gahce
515503,42706,daffbf,gahce
1721795,42706,fjhbchb,gahce
19088,42938,iiajb,idjce
42706,42938,gahce,idjce
513783,42938,dihdbf,idjce
19088,43514,iiajb,ebfde
19491,43514,bjejb,ebfde
24656,43514,gfgec,ebfde
25345,43514,fedfc,ebfde
70109,43514,jabah,ebfde
75358,43514,ifdfh,ebfde
492443,43514,deecje,ebfde
19409,43563,jaejb,dgfde
23378,43563,ihddc,dgfde
370420,43563,aceahd,dgfde
17820,43593,acihb,djfde
17882,43593,ciihb,djfde
18169,43593,jgbib,djfde
18226,43593,gccib,djfde
18289,43593,jicib,djfde
18412,43593,cbeib,djfde
18569,43593,jgfib,djfde
19491,43593,bjejb,djfde
19498,43593,ijejb,djfde
21514,43593,ebfbc,djfde
21810,43593,abibc,djfde
23334,43593,edddc,djfde
23378,43593,ihddc,djfde
24726,43593,gchec,djfde
25858,43593,ififc,djfde
25999,43593,jjjfc,djfde
33224,43593,eccdd,djfde
38646,43593,gegid,djfde
42706,43593,gahce,djfde
63481,43593,biedg,djfde
67205,43593,fachg,djfde
68750,43593,afhig,djfde
72983,43593,dijch,djfde
149807,43593,haijeb,djfde
185848,43593,ieifib,djfde
235508,43593,iaffdc,djfde
254347,43593,hedefc,djfde
476944,43593,eejghe,djfde
506283,43593,dicgaf,djfde
532843,43593,deicdf,djfde
545354,43593,efdfef,djfde
688400,43593,aaeiig,djfde
713022,43593,ccadbh,djfde
779331,43593,bddjhh,djfde
795698,43593,ijgfjh,djfde
843379,43593,jhddei,djfde
891954,43593,efjbji,djfde
914314,43593,ebdebj,djfde
924300,43593,aadecj,djfde
924708,43593,iahecj,djfde
1245100,43593,aabfecb,djfde
1437020,43593,acahdeb,djfde
1587327,43593,hcdhifb,djfde
1684975,43593,fhjeigb,djfde
18569,58803,jgfib,daiif
25858,58803,ififc,daiif
537891,58803,bjihdf,daiif
1265907,58803,hajfgcb,daiif
18569,61174,jgfib,ehbbg
18833,61174,ddiib,ehbbg
19088,61174,iiajb,ehbbg
21783,61174,dihbc,ehbbg
24656,61174,gfgec,ehbbg
25019,61174,jbafc,ehbbg
149807,61174,haijeb,ehbbg
757126,61174,gcbhfh,ehbbg
891954,61174,efjbji,ehbbg
900725,61174,fchaaj,ehbbg
1393268,61174,igcdjdb,ehbbg
18289,63481,jicib,biedg
18567,63481,hgfib,biedg
18907,63481,hajib,biedg
24656,63481,gfgec,biedg
25858,63481,ififc,biedg
33221,63481,bccdd,biedg
33280,63481,aicdd,biedg
43593,63481,djfde,biedg
66916,63481,gbjgg,biedg
69162,63481,cgbjg,biedg
69982,63481,cijjg,biedg
72204,63481,eacch,biedg
86087,63481,hiagi,biedg
235508,63481,iaffdc,biedg
246487,63481,hiegec,biedg
545354,63481,efdfef,biedg
713022,63481,ccadbh,biedg
891954,63481,efjbji,biedg
924708,63481,iahecj,biedg
25345,64484,fedfc,eieeg
1716669,65198,jgggbhb,ijbfg
2015154,65198,efbfbac,ijbfg
18214,66916,ebcib,gbjgg
19532,66916,cdfjb,gbjgg
23334,66916,edddc,gbjgg
63481,66916,biedg,gbjgg
69162,66916,cgbjg,gbjgg
86087,66916,hiagi,gbjgg
246487,66916,hiegec,gbjgg
924708,66916,iahecj,gbjgg
18289,67205,jicib,fachg
18554,67205,effib,fachg
18581,67205,bifib,fachg
18907,67205,hajib,fachg
21514,67205,ebfbc,fachg
24689,67205,jigec,fachg
25858,67205,ififc,fachg
29739,67205,jdhjc,fachg
30652,67205,cfgad,fachg
32898,67205,ijicd,fachg
43593,67205,djfde,fachg
76214,67205,ebcgh,fachg
167967,67205,hgjhgb,fachg
185848,67205,ieifib,fachg
235508,67205,iaffdc,fachg
728452,67205,cfeich,fachg
774497,67205,hjeehh,fachg
905988,67205,iijfaj,fachg
924708,67205,iahecj,fachg
22544,68750,eefcc,afhig
43593,68750,djfde,afhig
72983,68750,dijch,afhig
100147,68750,hebaab,afhig
476944,68750,eejghe,afhig
541664,68750,eggbef,afhig
18113,68990,dbbib,ajjig
19491,68990,bjejb,ajjig
21810,68990,abibc,ajjig
491503,68990,dafbje,ajjig
17820,69162,acihb,cgbjg
17956,69162,gfjhb,cgbjg
18567,69162,hgfib,cgbjg
18672,69162,chgib,cgbjg
19379,69162,jhdjb,cgbjg
19409,69162,jaejb,cgbjg
21783,69162,dihbc,cgbjg
23378,69162,ihddc,cgbjg
25828,69162,icifc,cgbjg
39723,69162,dchjd,cgbjg
63481,69162,biedg,cgbjg
66916,69162,gbjgg,cgbjg
75358,69162,ifdfh,cgbjg
86087,69162,hiagi,cgbjg
185848,69162,ieifib,cgbjg
246487,69162,hiegec,cgbjg
491503,69162,dafbje,cgbjg
914314,69162,ebdebj,cgbjg
924708,69162,iahecj,cgbjg
173829,69324,jcidhb,ecdjg
472303,69324,dadche,ecdjg
841321,69324,bcdbei,ecdjg
17783,69982,dihhb,cijjg
18214,69982,ebcib,cijjg
18289,69982,jicib,cijjg
18567,69982,hgfib,cijjg
23378,69982,ihddc,cijjg
24656,69982,gfgec,cijjg
33221,69982,bccdd,cijjg
63481,69982,biedg,cijjg
185848,69982,ieifib,cijjg
492443,69982,deecje,cijjg
545354,69982,efdfef,cijjg
688400,69982,aaeiig,cijjg
891954,69982,efjbji,cijjg
19088,70109,iiajb,jabah
43514,70109,ebfde,jabah
492443,70109,deecje,jabah
18180,70667,aibib,hggah
17128,72204,icbhb,eacch
17820,72204,acihb,eacch
18412,72204,cbeib,eacch
19088,72204,iiajb,eacch
21810,72204,abibc,eacch
24656,72204,gfgec,eacch
25345,72204,fedfc,eacch
26171,72204,bhbgc,eacch
29439,72204,jdejc,eacch
63481,72204,biedg,eacch
254347,72204,hedefc,eacch
781985,72204,fijbih,eacch
1477521,72204,bcfhheb,eacch
1700699,72204,jjgaahb,eacch
18412,72855,cbeib,ffich
18113,72859,dbbib,jfich
26245,72859,fecgc,jfich
900725,72859,fchaaj,jfich
924708,72859,iahecj,jfich
43593,72983,djfde,dijch
68750,72983,afhig,dijch
884973,72983,dhjeii,dijch
21810,73072,abibc,chadh
19088,75358,iiajb,ifdfh
19491,75358,bjejb,ifdfh
20276,75358,ghcac,ifdfh
21514,75358,ebfbc,ifdfh
24689,75358,jigec,ifdfh
38646,75358,gegid,ifdfh
43514,75358,ebfde,ifdfh
69162,75358,cgbjg,ifdfh
487923,75358,dcjhie,ifdfh
769784,75358,eihjgh,ifdfh
779331,75358,bddjhh,ifdfh
857178,75358,ihbhfi,ifdfh
940593,75358,djfaej,ifdfh
18214,76214,ebcib,ebcgh
18554,76214,effib,ebcgh
18581,76214,bifib,ebcgh
18907,76214,hajib,ebcgh
29739,76214,jdhjc,ebcgh
39723,76214,dchjd,ebcgh
67205,76214,fachg,ebcgh
100147,76214,hebaab,ebcgh
332644,76214,eegcdd,ebcgh
370420,76214,aceahd,ebcgh
513783,76214,dihdbf,ebcgh
774497,76214,hjeehh,ebcgh
2101958,76214,ifjbabc,ebcgh
18764,78339,eghib,jddih
185848,78339,ieifib,jddih
924708,78339,iahecj,jddih
1437020,78339,acahdeb,jddih
19088,86087,iiajb,hiagi
25822,86087,ccifc,hiagi
63481,86087,biedg,hiagi
66916,86087,gbjgg,hiagi
69162,86087,cgbjg,hiagi
246487,86087,hiegec,hiagi
261593,86087,djfbgc,hiagi
924708,86087,iahecj,hiagi
176947,93390,hejghb,ajddj
1792924,93390,ecjcjhb,ajddj
1810315,93390,fbdabib,ajddj
18214,100147,ebcib,hebaab
22544,100147,eefcc,hebaab
39723,100147,dchjd,hebaab
68750,100147,afhig,hebaab
76214,100147,ebcgh,hebaab
135167,100147,hgbfdb,hebaab
153307,100147,haddfb,hebaab
254347,100147,hedefc,hebaab
476944,100147,eejghe,hebaab
541664,100147,eggbef,hebaab
891954,100147,efjbji,hebaab
1393268,100147,igcdjdb,hebaab
19409,119787,jaejb,hihjbb
18567,135167,hgfib,hgbfdb
100147,135167,hebaab,hgbfdb
513783,135167,dihdbf,hgbfdb
891954,135167,efjbji,hgbfdb
18569,149807,jgfib,haijeb
21783,149807,dihbc,haijeb
23334,149807,edddc,haijeb
43593,149807,djfde,haijeb
61174,149807,ehbbg,haijeb
795698,149807,ijgfjh,haijeb
900725,149807,fchaaj,haijeb
1437020,149807,acahdeb,haijeb
17820,153307,acihb,haddfb
100147,153307,hebaab,haddfb
1393268,153307,igcdjdb,haddfb
25858,167967,ififc,hgjhgb
67205,167967,fachg,hgjhgb
185848,167967,ieifib,hgjhgb
69324,173829,ecdjg,jcidhb
472303,173829,dadche,jcidhb
841321,173829,bcdbei,jcidhb
25491,174327,bjefc,hcdehb
37662,174327,cgghd,hcdehb
18554,176947,effib,hejghb
93390,176947,ajddj,hejghb
185848,176947,ieifib,hejghb
770946,176947,gejahh,hejghb
924708,176947,iahecj,hejghb
21783,180407,dihbc,haeaib
25345,180407,fedfc,haeaib
493064,180407,egadje,haeaib
520444,180407,eeeacf,haeaib
699418,180407,ibejjg,haeaib
857178,180407,ihbhfi,haeaib
891954,180407,efjbji,haeaib
17128,185848,icbhb,ieifib
18169,185848,jgbib,ieifib
18226,185848,gccib,ieifib
18289,185848,jicib,ieifib
18554,185848,effib,ieifib
18764,185848,eghib,ieifib
19341,185848,bedjb,ieifib
24656,185848,gfgec,ieifib
24677,185848,hhgec,ieifib
25858,185848,ififc,ieifib
31346,185848,gedbd,ieifib
43593,185848,djfde,ieifib
67205,185848,fachg,ieifib
69162,185848,cgbjg,ieifib
69982,185848,cijjg,ieifib
78339,185848,jddih,ieifib
167967,185848,hgjhgb,ieifib
176947,185848,hejghb,ieifib
476944,185848,eejghe,ieifib
492443,185848,deecje,ieifib
535525,185848,fcffdf,ieifib
542061,185848,bgacef,ieifib
770946,185848,gejahh,ieifib
843379,185848,jhddei,ieifib
914314,185848,ebdebj,ieifib
924708,185848,iahecj,ieifib
1146981,185848,bijgebb,ieifib
1437020,185848,acahdeb,ieifib
18169,187627,jgbib,hcghib
18289,187627,jicib,hcghib
19492,187627,cjejb,hcghib
516123,187627,dcbgbf,hcghib
924708,187627,iahecj,hcghib
20276,211907,ghcac,hajbbc
17820,230607,acihb,hagadc
39749,230607,jehjd,hagadc
18289,235508,jicib,iaffdc
21514,235508,ebfbc,iaffdc
25858,235508,ififc,iaffdc
32898,235508,ijicd,iaffdc
39723,235508,dchjd,iaffdc
43593,235508,djfde,iaffdc
63481,235508,biedg,iaffdc
67205,235508,fachg,iaffdc
254347,235508,hedefc,iaffdc
532843,235508,deicdf,iaffdc
18214,243507,ebcib,hafdec
29439,243507,jdejc,hafdec
63481,246487,biedg,hiegec
66916,246487,gbjgg,hiegec
69162,246487,cgbjg,hiegec
86087,246487,hiagi,hiegec
924708,246487,iahecj,hiegec
18214,254347,ebcib,hedefc
18581,254347,bifib,hedefc
19136,254347,gdbjb,hedefc
21514,254347,ebfbc,hedefc
25858,254347,ififc,hedefc
25999,254347,jjjfc,hedefc
29439,254347,jdejc,hedefc
39723,254347,dchjd,hedefc
43593,254347,djfde,hedefc
72204,254347,eacch,hedefc
100147,254347,hebaab,hedefc
235508,254347,iaffdc,hedefc
541664,254347,eggbef,hedefc
739370,254347,ahdjdh,hedefc
19088,256427,iiajb,hcegfc
857178,256427,ihbhfi,hcegfc
25858,261593,ififc,djfbgc
31769,261593,jghbd,djfbgc
86087,261593,hiagi,djfbgc
545060,261593,agafef,djfbgc
857178,261593,ihbhfi,djfbgc
76214,332644,ebcgh,eegcdd
370420,332644,aceahd,eegcdd
2101958,332644,ifjbabc,eegcdd
43563,370420,dgfde,aceahd
76214,370420,ebcgh,aceahd
332644,370420,eegcdd,aceahd
2101958,370420,ifjbabc,aceahd
18169,453923,jgbib,dcjdfe
18569,453923,jgfib,dcjdfe
18907,453923,hajib,dcjdfe
924708,453923,iahecj,dcjdfe
69324,472303,ecdjg,dadche
173829,472303,jcidhb,dadche
841321,472303,bcdbei,dadche
18214,476903,ebcib,dajghe
21783,476903,dihbc,dajghe
924300,476903,aadecj,dajghe
924708,476903,iahecj,dajghe
17128,476944,icbhb,eejghe
18169,476944,jgbib,eejghe
18226,476944,gccib,eejghe
18554,476944,effib,eejghe
18567,476944,hgfib,eejghe
19136,476944,gdbjb,eejghe
19341,476944,bedjb,eejghe
22544,476944,eefcc,eejghe
23173,476944,dhbdc,eejghe
23378,476944,ihddc,eejghe
24677,476944,hhgec,eejghe
31346,476944,gedbd,eejghe
43593,476944,djfde,eejghe
68750,476944,afhig,eejghe
100147,476944,hebaab,eejghe
185848,476944,ieifib,eejghe
541664,476944,eggbef,eejghe
781985,476944,fijbih,eejghe
891954,476944,efjbji,eejghe
1410548,476944,iefabeb,eejghe
25858,478743,ififc,dehihe
24656,480124,gfgec,ecbaie
25345,480124,fedfc,ecbaie
21783,487923,dihbc,dcjhie
29439,487923,jdejc,dcjhie
42706,487923,gahce,dcjhie
75358,487923,ifdfh,dcjhie
713022,487923,ccadbh,dcjhie
1721795,487923,fjhbchb,dcjhie
18113,491503,dbbib,dafbje
18672,491503,chgib,dafbje
19379,491503,jhdjb,dafbje
21810,491503,abibc,dafbje
68990,491503,ajjig,dafbje
69162,491503,cgbjg,dafbje
924708,491503,iahecj,dafbje
19088,492443,iiajb,deecje
24656,492443,gfgec,deecje
29439,492443,jdejc,deecje
43514,492443,ebfde,deecje
69982,492443,cijjg,deecje
70109,492443,jabah,deecje
185848,492443,ieifib,deecje
1146981,492443,bijgebb,deecje
21783,493064,dihbc,egadje
180407,493064,haeaib,egadje
520444,493064,eeeacf,egadje
891954,493064,efjbji,egadje
42583,505946,difce,gejfaf
21810,506283,abibc,dicgaf
23378,506283,ihddc,dicgaf
32898,506283,ijicd,dicgaf
43593,506283,djfde,dicgaf
1275101,506283,babfhcb,dicgaf
17128,509844,icbhb,eeijaf
42938,513783,idjce,dihdbf
76214,513783,ebcgh,dihdbf
135167,513783,hgbfdb,dihdbf
42706,515503,gahce,daffbf
18289,516123,jicib,dcbgbf
21514,516123,ebfbc,dcbgbf
25858,516123,ififc,dcbgbf
187627,516123,hcghib,dcbgbf
924708,516123,iahecj,dcbgbf
21783,520444,dihbc,eeeacf
180407,520444,haeaib,eeeacf
493064,520444,egadje,eeeacf
891954,520444,efjbji,eeeacf
17820,532843,acihb,deicdf
18169,532843,jgbib,deicdf
18569,532843,jgfib,deicdf
18581,532843,bifib,deicdf
20276,532843,ghcac,deicdf
25858,532843,ififc,deicdf
43593,532843,djfde,deicdf
235508,532843,iaffdc,deicdf
541664,532843,eggbef,deicdf
24656,535525,gfgec,fcffdf
185848,535525,ieifib,fcffdf
924708,535525,iahecj,fcffdf
1987171,535525,bhbhijb,fcffdf
17654,537891,efghb,bjihdf
18569,537891,jgfib,bjihdf
25858,537891,ififc,bjihdf
42583,537891,difce,bjihdf
58803,537891,daiif,bjihdf
1265907,537891,hajfgcb,bjihdf
891954,541394,efjbji,ejdbef
18169,541664,jgbib,eggbef
18214,541664,ebcib,eggbef
18412,541664,cbeib,eggbef
18581,541664,bifib,eggbef
18907,541664,hajib,eggbef
22544,541664,eefcc,eggbef
29439,541664,jdejc,eggbef
39723,541664,dchjd,eggbef
68750,541664,afhig,eggbef
100147,541664,hebaab,eggbef
254347,541664,hedefc,eggbef
476944,541664,eejghe,eggbef
532843,541664,deicdf,eggbef
185848,542061,ieifib,bgacef
916391,542061,bjdgbj,bgacef
25858,545060,ififc,agafef
261593,545060,djfbgc,agafef
857178,545060,ihbhfi,agafef
18289,545354,jicib,efdfef
43593,545354,djfde,efdfef
63481,545354,biedg,efdfef
69982,545354,cijjg,efdfef
891954,545354,efjbji,efdfef
18214,688380,ebcib,aidiig
25858,688380,ififc,aidiig
33221,688380,bccdd,aidiig
18214,688390,ebcib,ajdiig
19492,688390,cjejb,ajdiig
25858,688390,ififc,ajdiig
688400,688390,aaeiig,ajdiig
916391,688390,bjdgbj,ajdiig
924708,688390,iahecj,ajdiig
1437020,688390,acahdeb,ajdiig
18214,688400,ebcib,aaeiig
18567,688400,hgfib,aaeiig
43593,688400,djfde,aaeiig
69982,688400,cijjg,aaeiig
688390,688400,ajdiig,aaeiig
19491,699418,bjejb,ibejjg
180407,699418,haeaib,ibejjg
728452,699418,cfeich,ibejjg
1847518,699418,ibfheib,ibejjg
2101958,699418,ifjbabc,ibejjg
17820,713022,acihb,ccadbh
29439,713022,jdejc,ccadbh
43593,713022,djfde,ccadbh
63481,713022,biedg,ccadbh
487923,713022,dcjhie,ccadbh
18289,728452,jicib,cfeich
18581,728452,bifib,cfeich
21514,728452,ebfbc,cfeich
25858,728452,ififc,cfeich
67205,728452,fachg,cfeich
699418,728452,ibejjg,cfeich
924708,728452,iahecj,cfeich
1265907,728452,hajfgcb,cfeich
1437020,728452,acahdeb,cfeich
1700699,728452,jjgaahb,cfeich
38646,732709,gegid,jahcdh
254347,739370,hedefc,ahdjdh
19088,757126,iiajb,gcbhfh
25828,757126,icifc,gcbhfh
61174,757126,ehbbg,gcbhfh
75358,769784,ifdfh,eihjgh
857178,769784,ihbhfi,eihjgh
18554,770946,effib,gejahh
176947,770946,hejghb,gejahh
185848,770946,ieifib,gejahh
924708,770946,iahecj,gejahh
18581,774497,bifib,hjeehh
23378,774497,ihddc,hjeehh
67205,774497,fachg,hjeehh
76214,774497,ebcgh,hjeehh
19088,779331,iiajb,bddjhh
21514,779331,ebfbc,bddjhh
21810,779331,abibc,bddjhh
24689,779331,jigec,bddjhh
43593,779331,djfde,bddjhh
75358,779331,ifdfh,bddjhh
19136,781985,gdbjb,fijbih
19341,781985,bedjb,fijbih
23173,781985,dhbdc,fijbih
72204,781985,eacch,fijbih
476944,781985,eejghe,fijbih
891954,781985,efjbji,fijbih
2077107,781985,habhhac,fijbih
18569,795698,jgfib,ijgfjh
23334,795698,edddc,ijgfjh
43593,795698,djfde,ijgfjh
149807,795698,haijeb,ijgfjh
1437020,795698,acahdeb,ijgfjh
69324,841321,ecdjg,bcdbei
173829,841321,jcidhb,bcdbei
472303,841321,dadche,bcdbei
18569,843379,jgfib,jhddei
32898,843379,ijicd,jhddei
43593,843379,djfde,jhddei
185848,843379,ieifib,jhddei
914314,843379,ebdebj,jhddei
924300,843379,aadecj,jhddei
1809778,843379,ihhjaib,jhddei
18412,857178,cbeib,ihbhfi
25858,857178,ififc,ihbhfi
33224,857178,eccdd,ihbhfi
39723,857178,dchjd,ihbhfi
75358,857178,ifdfh,ihbhfi
180407,857178,haeaib,ihbhfi
256427,857178,hcegfc,ihbhfi
261593,857178,djfbgc,ihbhfi
545060,857178,agafef,ihbhfi
769784,857178,eihjgh,ihbhfi
1275101,857178,babfhcb,ihbhfi
72983,884973,dijch,dhjeii
17128,891954,icbhb,efjbji
17844,891954,eeihb,efjbji
17882,891954,ciihb,efjbji
18169,891954,jgbib,efjbji
18214,891954,ebcib,efjbji
18289,891954,jicib,efjbji
18554,891954,effib,efjbji
18567,891954,hgfib,efjbji
19136,891954,gdbjb,efjbji
21783,891954,dihbc,efjbji
22334,891954,eddcc,efjbji
25858,891954,ififc,efjbji
25999,891954,jjjfc,efjbji
29439,891954,jdejc,efjbji
35067,891954,hgafd,efjbji
43593,891954,djfde,efjbji
61174,891954,ehbbg,efjbji
63481,891954,biedg,efjbji
69982,891954,cijjg,efjbji
100147,891954,hebaab,efjbji
135167,891954,hgbfdb,efjbji
180407,891954,haeaib,efjbji
476944,891954,eejghe,efjbji
493064,891954,egadje,efjbji
520444,891954,eeeacf,efjbji
541394,891954,ejdbef,efjbji
545354,891954,efdfef,efjbji
781985,891954,fijbih,efjbji
924708,891954,iahecj,efjbji
1707512,891954,cbfhahb,efjbji
2077107,891954,habhhac,efjbji
21783,900725,dihbc,fchaaj
26245,900725,fecgc,fchaaj
61174,900725,ehbbg,fchaaj
72859,900725,jfich,fchaaj
149807,900725,haijeb,fchaaj
924708,900725,iahecj,fchaaj
18554,905988,effib,iijfaj
32898,905988,ijicd,iijfaj
67205,905988,fachg,iijfaj
20276,914314,ghcac,ebdebj
23334,914314,edddc,ebdebj
25828,914314,icifc,ebdebj
43593,914314,djfde,ebdebj
69162,914314,cgbjg,ebdebj
185848,914314,ieifib,ebdebj
843379,914314,jhddei,ebdebj
1102187,914314,hibcabb,ebdebj
21810,916391,abibc,bjdgbj
25858,916391,ififc,bjdgbj
39723,916391,dchjd,bjdgbj
542061,916391,bgacef,bjdgbj
688390,916391,ajdiig,bjdgbj
21783,919267,dihbc,hgcjbj
924708,919267,iahecj,hgcjbj
17820,924300,acihb,aadecj
18569,924300,jgfib,aadecj
19491,924300,bjejb,aadecj
21810,924300,abibc,aadecj
43593,924300,djfde,aadecj
476903,924300,dajghe,aadecj
843379,924300,jhddei,aadecj
17128,924708,icbhb,iahecj
18214,924708,ebcib,iahecj
18289,924708,jicib,iahecj
18554,924708,effib,iahecj
18569,924708,jgfib,iahecj
18672,924708,chgib,iahecj
18764,924708,eghib,iahecj
18907,924708,hajib,iahecj
19341,924708,bedjb,iahecj
19379,924708,jhdjb,iahecj
19490,924708,ajejb,iahecj
21514,924708,ebfbc,iahecj
23378,924708,ihddc,iahecj
24689,924708,jigec,iahecj
25858,924708,ififc,iahecj
26245,924708,fecgc,iahecj
29439,924708,jdejc,iahecj
43593,924708,djfde,iahecj
63481,924708,biedg,iahecj
66916,924708,gbjgg,iahecj
67205,924708,fachg,iahecj
69162,924708,cgbjg,iahecj
72859,924708,jfich,iahecj
78339,924708,jddih,iahecj
86087,924708,hiagi,iahecj
176947,924708,hejghb,iahecj
185848,924708,ieifib,iahecj
187627,924708,hcghib,iahecj
246487,924708,hiegec,iahecj
453923,924708,dcjdfe,iahecj
476903,924708,dajghe,iahecj
491503,924708,dafbje,iahecj
516123,924708,dcbgbf,iahecj
535525,924708,fcffdf,iahecj
688390,924708,ajdiig,iahecj
728452,924708,cfeich,iahecj
770946,924708,gejahh,iahecj
891954,924708,efjbji,iahecj
900725,924708,fchaaj,iahecj
919267,924708,hgcjbj,iahecj
1437020,924708,acahdeb,iahecj
19532,940593,cdfjb,djfaej
75358,940593,ifdfh,djfaej
914314,1102187,ebdebj,hibcabb
18672,1146981,chgib,bijgebb
185848,1146981,ieifib,bijgebb
492443,1146981,deecje,bijgebb
18113,1245100,dbbib,aabfecb
19491,1245100,bjejb,aabfecb
19532,1245100,cdfjb,aabfecb
43593,1245100,djfde,aabfecb
17654,1265907,efghb,hajfgcb
18569,1265907,jgfib,hajfgcb
25858,1265907,ififc,hajfgcb
42583,1265907,difce,hajfgcb
58803,1265907,daiif,hajfgcb
537891,1265907,bjihdf,hajfgcb
728452,1265907,cfeich,hajfgcb
1437020,1265907,acahdeb,hajfgcb
17128,1275101,icbhb,babfhcb
17844,1275101,eeihb,babfhcb
18412,1275101,cbeib,babfhcb
32898,1275101,ijicd,babfhcb
506283,1275101,dicgaf,babfhcb
857178,1275101,ihbhfi,babfhcb
19355,1296782,ffdjb,cihgjcb
25822,1296782,ccifc,cihgjcb
18569,1393268,jgfib,igcdjdb
23334,1393268,edddc,igcdjdb
61174,1393268,ehbbg,igcdjdb
100147,1393268,hebaab,igcdjdb
153307,1393268,haddfb,igcdjdb
1472537,1394074,hdfcheb,ehaejdb
476944,1410548,eejghe,iefabeb
17820,1437020,acihb,acahdeb
18569,1437020,jgfib,acahdeb
18764,1437020,eghib,acahdeb
19492,1437020,cjejb,acahdeb
23334,1437020,edddc,acahdeb
43593,1437020,djfde,acahdeb
78339,1437020,jddih,acahdeb
149807,1437020,haijeb,acahdeb
185848,1437020,ieifib,acahdeb
688390,1437020,ajdiig,acahdeb
728452,1437020,cfeich,acahdeb
795698,1437020,ijgfjh,acahdeb
924708,1437020,iahecj,acahdeb
1265907,1437020,hajfgcb,acahdeb
18567,1472537,hgfib,hdfcheb
1394074,1472537,ehaejdb,hdfcheb
72204,1477521,eacch,bcfhheb
17783,1531588,dihhb,iifbdfb
19490,1531588,ajejb,iifbdfb
18412,1587327,cbeib,hcdhifb
21810,1587327,abibc,hcdhifb
25999,1587327,jjjfc,hcdhifb
43593,1587327,djfde,hcdhifb
23334,1684975,edddc,fhjeigb
43593,1684975,djfde,fhjeigb
17844,1700699,eeihb,jjgaahb
18581,1700699,bifib,jjgaahb
72204,1700699,eacch,jjgaahb
728452,1700699,cfeich,jjgaahb
18040,1705053,aeaib,dfafahb
18214,1707512,ebcib,cbfhahb
18810,1707512,abiib,cbfhahb
25491,1707512,bjefc,cbfhahb
891954,1707512,efjbji,cbfhahb
65198,1716669,ijbfg,jgggbhb
2015154,1716669,efbfbac,jgggbhb
19088,1721795,iiajb,fjhbchb
19379,1721795,jhdjb,fjhbchb
42706,1721795,gahce,fjhbchb
487923,1721795,dcjhie,fjhbchb
21783,1777661,dihbc,bgghhhb
31844,1777661,eeibd,bgghhhb
18412,1792924,cbeib,ecjcjhb
93390,1792924,ajddj,ecjcjhb
1810315,1792924,fbdabib,ecjcjhb
843379,1809778,jhddei,ihhjaib
93390,1810315,ajddj,fbdabib
1792924,1810315,ecjcjhb,fbdabib
19086,1847518,giajb,ibfheib
19491,1847518,bjejb,ibfheib
24689,1847518,jigec,ibfheib
699418,1847518,ibejjg,ibfheib
2101958,1847518,ifjbabc,ibfheib
17820,1987171,acihb,bhbhijb
23334,1987171,edddc,bhbhijb
535525,1987171,fcffdf,bhbhijb
65198,2015154,ijbfg,efbfbac
1716669,2015154,jgggbhb,efbfbac
19136,2077107,gdbjb,habhhac
781985,2077107,fijbih,habhhac
891954,2077107,efjbji,habhhac
18214,2101958,ebcib,ifjbabc
19491,2101958,bjejb,ifjbabc
76214,2101958,ebcgh,ifjbabc
332644,2101958,eegcdd,ifjbabc
370420,2101958,aceahd,ifjbabc
699418,2101958,ibejjg,ifjbabc
1847518,2101958,ibfheib,ifjbabc
