person_code,dr_cnt,person_name,person_pic_url,path_mean,link_cnt,person_en,d
946019,8,박보검,http://img1.daumcdn.net/thumb/C216x216/?fname=http%3A%2F%2Fcfile30.uf.daum.net%2Fimage%2F11725E3C504000F536B242,1.99609520267758,299,jbagej,2
120507,10,송중기,http://img1.daumcdn.net/thumb/C216x216/?fname=http%3A%2F%2Fcfile47.uf.daum.net%2Fimage%2F0244280248E17E5355A900,1.99107474897732,294,hafacb,2
18923,9,송혜교,http://img1.daumcdn.net/thumb/C216x216/?fname=http%3A%2F%2Fcfile53.uf.daum.net%2Fimage%2F0227F60248E46D57139F52,2.05615470435106,174,dcjib,2
18948,8,조인성,http://img1.daumcdn.net/thumb/C216x216/?fname=http%3A%2F%2Ft1.daumcdn.net%2Fcontentshub%2Fsdb%2F18bfff63928fabf53e273f36f8d41fe36cd2a461773b063e86aef9939aa77b0c,2.05764224618817,147,iejib,2
637312,2,문종원,http://img1.daumcdn.net/thumb/C216x216/?fname=http%3A%2F%2Fcfile69.uf.daum.net%2Fimage%2F224C4A37AA9D475F2062A1,2.13852733358126,106,cbdhdg,0
2080169,1,우도환,http://img1.daumcdn.net/thumb/C216x216/?fname=https%3A%2F%2Fsearch1.daumcdn.net%2Fcontent%2Fsdb%2F5812FD6D0279AB0002,2.34492376348085,34,jgbaiac,2
905218,2,김엔젤라,http://img1.daumcdn.net/thumb/C216x216/?fname=http%3A%2F%2Fcfile168.uf.daum.net%2Fimage%2F2203754855D415580E346B,2.22368910375604,79,ibcfaj,2
17963,2,오산하,http://img1.daumcdn.net/thumb/C216x216/?fname=http%3A%2F%2Fcfile169.uf.daum.net%2Fimage%2F2553E73658DDD8BE112657,2.337114168836,29,dgjhb,2
161387,2,윤다경,http://img1.daumcdn.net/thumb/C216x216/?fname=http%3A%2F%2Fcfile29.uf.daum.net%2Fimage%2F163B653E4F95FFB80E8307,2.377835626627,26,hidbgb,2
1692327,1,레드벨벳,http://img1.daumcdn.net/thumb/C216x216/?fname=http%3A%2F%2Ft1.daumcdn.net%2Fcontentshub%2Fsdb%2Fa8373fa35c274ca280a051b8f7217681bff440013621887d07378b26b32e5454,2.44328746746002,40,hcdcjgb,2
840472,1,올리비에,http://img1.daumcdn.net/thumb/C216x216/?fname=http%3A%2F%2Fcfile28.uf.daum.net%2Fimage%2F1663091D4ACAB08C06BDBA,2.43436221643734,18,cheaei,3
2034591,4,손나래,http://img1.daumcdn.net/thumb/C216x216/?fname=http%3A%2F%2Fcfile168.uf.daum.net%2Fimage%2F214DEC4B579EB1040CC395,2.09594644849386,131,bjfedac,2
19459,8,최정원,http://img1.daumcdn.net/thumb/C216x216/?fname=http%3A%2F%2Fcfile89.uf.daum.net%2Fimage%2F1124C515499A40499E8C2A,2.03737448865749,185,jfejb,2
96590,4,차기주,http://img1.daumcdn.net/thumb/C216x216/?fname=http%3A%2F%2Fcfile169.uf.daum.net%2Fimage%2F116373104BF332CC486284,2.07642246188174,159,ajfgj,2
496867,12,하성철,http://img1.daumcdn.net/thumb/C216x216/?fname=http%3A%2F%2Fcfile69.uf.daum.net%2Fimage%2F1649F41E4CE394A658B2F1,1.97341018966158,368,hgigje,2
2062333,5,주현진,http://img1.daumcdn.net/thumb/C216x216/?fname=http%3A%2F%2Fm1.daumcdn.net%2Fimg-contents%2Fmovie%2Fv2%2Fmobile%2Fm640%2Fimg_default_300x300_150722.png,2.11063592413537,117,dddcgac,2
18693,17,심혜진,http://img1.daumcdn.net/thumb/C216x216/?fname=http%3A%2F%2Fimg.search.daum-img.net%2Ftvppthumb%2F2087.gif,1.95165489029379,394,djgib,2
61454,2,유재량,http://img1.daumcdn.net/thumb/C216x216/?fname=http%3A%2F%2Fcfile20.uf.daum.net%2Fimage%2F012B4B024884227A00F138,2.25511342506508,38,efebg,3
18793,10,정성환,http://img1.daumcdn.net/thumb/C216x216/?fname=http%3A%2F%2Fcfile189.uf.daum.net%2Fimage%2F1553D81149A359771ED984,2.05039047973224,179,djhib,2
37550,10,최재호,http://img1.daumcdn.net/thumb/C216x216/?fname=http%3A%2F%2Fcfile68.uf.daum.net%2Fimage%2F155CB1023E4F86F3484B1E,1.9540721457791,402,affhd,2
2056589,3,정유안,http://img1.daumcdn.net/thumb/C216x216/?fname=http%3A%2F%2Fcfile169.uf.daum.net%2Fimage%2F2257544557F6F3A9265FC0,2.24116772034213,77,jifgfac,2
68308,14,윤예희,http://img1.daumcdn.net/thumb/C216x216/?fname=http%3A%2F%2Fcfile167.uf.daum.net%2Fimage%2F224CF13555DD3A02128017,1.97526961695798,305,iadig,2
346057,3,이나은,http://img1.daumcdn.net/thumb/C216x216/?fname=http%3A%2F%2Fcfile66.uf.daum.net%2Fimage%2F145CB1023E90D8595DB82D,2.20918557084418,70,hfaged,2
1216199,7,곽희성,http://img1.daumcdn.net/thumb/C216x216/?fname=http%3A%2F%2Fcfile28.uf.daum.net%2Fimage%2F115096394F2A44591FC141,2.01896615842321,201,jjbgbcb,2
19370,2,배기성,http://img1.daumcdn.net/thumb/C216x216/?fname=http%3A%2F%2Fcfile67.uf.daum.net%2Fimage%2F224C8337AA8D43751348EA,2.36630717738936,78,ahdjb,2
69279,1,이인철,http://img1.daumcdn.net/thumb/C216x216/?fname=http%3A%2F%2Fcfile168.uf.daum.net%2Fimage%2F1649B943504D537D15D227,2.45648940126441,26,jhcjg,2
2120552,3,엄채영,http://img1.daumcdn.net/thumb/C216x216/?fname=https%3A%2F%2Fsearch1.daumcdn.net%2Fcontent%2Fsdb%2F58351D020140950001,2.21346225362588,58,cffacbc,2
16635,2,김기수,http://img1.daumcdn.net/thumb/C216x216/?fname=http%3A%2F%2Fcfile169.uf.daum.net%2Fimage%2F231FED3858AE9045255E91,2.23354406842692,54,fdggb,2
949616,3,이승원,http://img1.daumcdn.net/thumb/C216x216/?fname=http%3A%2F%2Fcfile168.uf.daum.net%2Fimage%2F2322B2405857269F21C314,2.13332093715136,93,gbgjej,2
874205,1,유남석,http://img1.daumcdn.net/thumb/C216x216/?fname=http%3A%2F%2Fcfile189.uf.daum.net%2Fimage%2F1210FC0B49B8951C69E9DC,2.65024172554853,17,facehi,3
918532,7,미람,http://img1.daumcdn.net/thumb/C216x216/?fname=http%3A%2F%2Fcfile29.uf.daum.net%2Fimage%2F2770023A50FF39C50A7859,2.05429527705467,166,cdfibj,2
800826,2,라재웅,http://img1.daumcdn.net/thumb/C216x216/?fname=http%3A%2F%2Fcfile89.uf.daum.net%2Fimage%2F15025C1449A373CA929DCB,2.18873187058386,78,gciaai,2
17662,11,여현수,http://img1.daumcdn.net/thumb/C216x216/?fname=http%3A%2F%2Fcfile169.uf.daum.net%2Fimage%2F2334C63B569DEB6938C6A7,2.03997768687244,204,cgghb,2
2010925,9,김현빈,http://img1.daumcdn.net/thumb/C216x216/?fname=http%3A%2F%2Fcfile66.uf.daum.net%2Fimage%2F2464E43A579EFAC1035DD3,2.02733358125697,255,fcjabac,1
1217273,2,주성민,http://img1.daumcdn.net/thumb/C216x216/?fname=http%3A%2F%2Fcfile30.uf.daum.net%2Fimage%2F12313A414EF13A612AA8AE,2.27370769802901,47,dhchbcb,2
19299,1,고소영,http://img1.daumcdn.net/thumb/C216x216/?fname=http%3A%2F%2Fcfile79.uf.daum.net%2Fimage%2F0208A60248E328CE1145CD,2.48605429527705,18,jjcjb,3
543615,3,이승훈,http://img1.daumcdn.net/thumb/C216x216/?fname=http%3A%2F%2Fcfile68.uf.daum.net%2Fimage%2F245FBE405279AD24093449,2.15991074748977,97,fbgdef,2
2125516,6,정다원,http://img1.daumcdn.net/thumb/C216x216/?fname=http%3A%2F%2Ft1.daumcdn.net%2Fcontentshub%2Fsdb%2F9e63d07e2c0418f5a2d31b6a858d8dae3b93890657189b295e1d1a175c93e1d5,2.03179620676832,205,gbffcbc,2
72799,4,김준현,http://img1.daumcdn.net/thumb/C216x216/?fname=http%3A%2F%2Fcfile167.uf.daum.net%2Fimage%2F2412384955D2E33F02BB8E,2.08497582744515,152,jjhch,2
24408,12,서현진,http://img1.daumcdn.net/thumb/C216x216/?fname=http%3A%2F%2Fcfile37.uf.daum.net%2Fimage%2F1525A3074913D0986A8875,1.95816288583116,377,iaeec,2
18929,2,강타,http://img1.daumcdn.net/thumb/C216x216/?fname=http%3A%2F%2Fcfile150.uf.daum.net%2Fimage%2F030FE103ABD3D09DCE3788,2.37021197471179,30,jcjib,3
92916,1,배보원,http://img1.daumcdn.net/thumb/C216x216/?fname=http%3A%2F%2Fcfile67.uf.daum.net%2Fimage%2F165CB1023E7EEE9D812FA5,2.56563778356266,13,gbjcj,3
42421,2,김봉근,http://img1.daumcdn.net/thumb/C216x216/?fname=http%3A%2F%2Fcfile128.uf.daum.net%2Fimage%2F1472650C495DB00FAE50DA,2.28114540721458,74,bcece,2
68895,10,전세현,http://img1.daumcdn.net/thumb/C216x216/?fname=http%3A%2F%2Fcfile68.uf.daum.net%2Fimage%2F2732A333573431E20FF172,2.00316102640387,265,fjiig,2
26629,1,이우제,http://img1.daumcdn.net/thumb/C216x216/?fname=http%3A%2F%2Fcfile197.uf.daum.net%2Fimage%2F013C5F0148A7D7090199B6,2.31126812941614,50,jcggc,3
77830,5,이소정,http://img1.daumcdn.net/thumb/C216x216/?fname=http%3A%2F%2Fcfile167.uf.daum.net%2Fimage%2F2463B04555FBB9BB37B92B,2.11063592413537,105,adihh,2
17702,18,강성진,http://img1.daumcdn.net/thumb/C216x216/?fname=http%3A%2F%2Ft1.daumcdn.net%2Fcontentshub%2Fsdb%2Fea7a96d6143f3f5ac262e21ef7ee1e10da404cb659e15e171468acd3e1fe069c,1.95332837486054,398,cahhb,2
541744,19,박은정,http://img1.daumcdn.net/thumb/C216x216/?fname=http%3A%2F%2Fcfile67.uf.daum.net%2Fimage%2F25258D3C5844BD002044BF,1.93566381554481,452,eehbef,2
17354,9,이풍운,http://img1.daumcdn.net/thumb/C216x216/?fname=http%3A%2F%2Fcfile167.uf.daum.net%2Fimage%2F237B8D375726B9B110D5F6,1.97545555968762,315,efdhb,2
71859,9,권율,http://img1.daumcdn.net/thumb/C216x216/?fname=http%3A%2F%2Fcfile27.uf.daum.net%2Fimage%2F150857414EBB58CB28E43C,2.05857195983637,182,jfibh,2
21510,12,박기웅,http://img1.daumcdn.net/thumb/C216x216/?fname=http%3A%2F%2Fcfile122.uf.daum.net%2Fimage%2F023A4F0148E0838D359E29,1.95555968761621,387,abfbc,2
24441,9,임형준,http://img1.daumcdn.net/thumb/C216x216/?fname=http%3A%2F%2Fcfile170.uf.daum.net%2Fimage%2F2650155054F9537B1F1401,2.00130159910747,266,beeec,2
18033,11,온주완,http://img1.daumcdn.net/thumb/C216x216/?fname=http%3A%2F%2Fcfile52.uf.daum.net%2Fimage%2F0202450148E07C180DB3C9,2.02342878393455,220,ddaib,2
2048933,5,김민식,http://img1.daumcdn.net/thumb/C216x216/?fname=http%3A%2F%2Fcfile68.uf.daum.net%2Fimage%2F2545524257BFC1990D914E,2.13741167720342,106,ddjieac,2
1570033,1,최은화,http://img1.daumcdn.net/thumb/C216x216/?fname=http%3A%2F%2Fcfile77.uf.daum.net%2Fimage%2F245B7F4B528BA80C08A1BC,2.47080699144663,20,ddaahfb,3
2117005,1,박현서,http://img1.daumcdn.net/thumb/C216x216/?fname=http%3A%2F%2Ft1.daumcdn.net%2Fcontentshub%2Fsdb%2Ff1dee1e3e0e324afcebbf65c1bf7e09fafe7774dff3bacbbef8a9afca6d27ec3,2.51171439196727,17,faahbbc,2
1256076,8,황세정,http://img1.daumcdn.net/thumb/C216x216/?fname=http%3A%2F%2Fcfile66.uf.daum.net%2Fimage%2F2406C536569C68C03A5A45,2.01878021569357,212,ghagfcb,2
1393268,3,김희찬,http://img1.daumcdn.net/thumb/C216x216/?fname=https%3A%2F%2Ft1.daumcdn.net%2Fmovie%2F8ab288e5f8a63b02670d72e21bffcf3645b90e1b,2.15805132019338,123,igcdjdb,2
1286390,1,지수,http://img1.daumcdn.net/thumb/C216x216/?fname=http%3A%2F%2Fcfile169.uf.daum.net%2Fimage%2F263D443A5642E0852F680C,2.53737448865749,27,ajdgicb,2
687974,1,박주환,http://img1.daumcdn.net/thumb/C216x216/?fname=http%3A%2F%2Fcfile167.uf.daum.net%2Fimage%2F16457B494D12A5D218C727,2.16418743027148,78,ehjhig,2
32797,1,최백호,http://img1.daumcdn.net/thumb/C216x216/?fname=http%3A%2F%2Fcfile66.uf.daum.net%2Fimage%2F225F2D3B56E626DC090176,2.4602082558572,22,hjhcd,2
1780418,1,문성호,http://img1.daumcdn.net/thumb/C216x216/?fname=https%3A%2F%2Ft1.daumcdn.net%2Fmovie%2F7d53c0286ebfce29c196b6693e696791f29e2e14,2.38248419486798,29,ibeaihb,2
498263,11,송재림,http://img1.daumcdn.net/thumb/C216x216/?fname=http%3A%2F%2Fcfile169.uf.daum.net%2Fimage%2F264A924055A4CAA229059B,1.98121978430643,318,dgcije,1
702089,1,하덕성,http://img1.daumcdn.net/thumb/C216x216/?fname=http%3A%2F%2Fcfile189.uf.daum.net%2Fimage%2F160714284B5326C0DB0615,2.45648940126441,26,jiacah,2
71883,6,고규필,http://img1.daumcdn.net/thumb/C216x216/?fname=http%3A%2F%2Fcfile69.uf.daum.net%2Fimage%2F25189D44591D32181F8299,2.02751952398661,226,diibh,2
180888,2,하은애,http://img1.daumcdn.net/thumb/C216x216/?fname=http%3A%2F%2Fcfile69.uf.daum.net%2Fimage%2F21505A4C56C42844399891,2.17887690591298,68,iiiaib,2
71326,1,손요,http://img1.daumcdn.net/thumb/C216x216/?fname=http%3A%2F%2Fcfile70.uf.daum.net%2Fimage%2F264EB93755DD6F1F1B5E04,2.29769431015247,41,gcdbh,2
66916,3,박종관,http://img1.daumcdn.net/thumb/C216x216/?fname=http%3A%2F%2Fcfile68.uf.daum.net%2Fimage%2F134B9F3B4EEAC95C0570AE,2.16325771662328,108,gbjgg,2
18279,2,이시환,http://img1.daumcdn.net/thumb/C216x216/?fname=http%3A%2F%2Fcfile47.uf.daum.net%2Fimage%2F1125A3074913D06D69606F,2.25325399776869,47,jhcib,2
542101,23,최은석,http://img1.daumcdn.net/thumb/C216x216/?fname=http%3A%2F%2Fcfile67.uf.daum.net%2Fimage%2F152BF1544DAD3C5A270063,1.89921904053552,635,babcef,2
253767,6,이진강,http://img1.daumcdn.net/thumb/C216x216/?fname=http%3A%2F%2Fcfile68.uf.daum.net%2Fimage%2F244DB53F571042F10355EF,2.05448121978431,177,hghdfc,2
1352748,7,현승민,http://img1.daumcdn.net/thumb/C216x216/?fname=http%3A%2F%2Fcfile30.uf.daum.net%2Fimage%2F17469A44502D90692EEBF1,2.01431759018222,227,iehcfdb,2
27578,1,조기쁨,http://img1.daumcdn.net/thumb/C216x216/?fname=http%3A%2F%2Fcfile169.uf.daum.net%2Fimage%2F1764B2354EBB204F38CFC2,2.46058014131647,29,ihfhc,2
17987,1,구민지,http://img1.daumcdn.net/thumb/C216x216/?fname=http%3A%2F%2Fcfile69.uf.daum.net%2Fimage%2F205CB1023E37B8757A1F5B,2.50650799553737,23,hijhb,3
18946,14,이훈,http://img1.daumcdn.net/thumb/C216x216/?fname=http%3A%2F%2Fcfile26.uf.daum.net%2Fimage%2F157BB910498151274A541F,1.98121978430643,300,gejib,2
749628,1,김종필,http://img1.daumcdn.net/thumb/C216x216/?fname=http%3A%2F%2Fcfile129.uf.daum.net%2Fimage%2F16371C4F4EBB34F326D355,2.46262551134251,26,icgjeh,2
19270,1,자두,http://img1.daumcdn.net/thumb/C216x216/?fname=http%3A%2F%2Fcfile66.uf.daum.net%2Fimage%2F253F8C4A55CBF6212022BF,2.38081071030123,28,ahcjb,2
69833,4,김용민,http://img1.daumcdn.net/thumb/C216x216/?fname=http%3A%2F%2Fcfile3.uf.daum.net%2Fimage%2F0151470348FD66220EF551,2.15786537746374,81,ddijg,2
906511,2,박초롱,http://img1.daumcdn.net/thumb/C216x216/?fname=http%3A%2F%2Fcfile29.uf.daum.net%2Fimage%2F137B22445048014E22D387,2.32428412049089,78,bbfgaj,2
63574,33,윤서현,http://img1.daumcdn.net/thumb/C216x216/?fname=http%3A%2F%2Fcfile68.uf.daum.net%2Fimage%2F23355D4057D60F4D09E9AD,1.90758646336928,591,ehfdg,1
232587,14,서현철,http://img1.daumcdn.net/thumb/C216x216/?fname=http%3A%2F%2Fcfile169.uf.daum.net%2Fimage%2F2324694858C0D6BA0B02DA,1.94440312383786,443,hifcdc,1
718387,28,정세형,http://img1.daumcdn.net/thumb/C216x216/?fname=http%3A%2F%2Fcfile68.uf.daum.net%2Fimage%2F253C91335886B273274735,1.86351803644477,776,hidibh,2
728942,1,김양성,http://img1.daumcdn.net/thumb/C216x216/?fname=http%3A%2F%2Fcfile69.uf.daum.net%2Fimage%2F243A434D568CB8F60246AF,2.34287839345482,30,cejich,2
63305,16,이상윤,http://img1.daumcdn.net/thumb/C216x216/?fname=http%3A%2F%2Fcfile70.uf.daum.net%2Fimage%2F214C4A37AAA886DB2395B6,1.93733730011157,424,faddg,2
63186,7,연미주,http://img1.daumcdn.net/thumb/C216x216/?fname=http%3A%2F%2Fcfile89.uf.daum.net%2Fimage%2F1530721B499914B6788EB8,2.05466716251395,167,gibdg,2
75330,6,김도현,http://img1.daumcdn.net/thumb/C216x216/?fname=http%3A%2F%2Fcfile128.uf.daum.net%2Fimage%2F204DBD4C4D9A9D8E0B0527,2.10914838229825,153,addfh,2
1833783,2,이정구,http://img1.daumcdn.net/thumb/C216x216/?fname=http%3A%2F%2Fcfile69.uf.daum.net%2Fimage%2F215C643758A11C121F432E,2.25678690963183,50,dihddib,2
42175,10,박재정,http://img1.daumcdn.net/thumb/C216x216/?fname=http%3A%2F%2Fcfile146.uf.daum.net%2Fimage%2F020FE103ABD33A484F38DB,1.99628114540721,272,fhbce,2
67000,9,윤희원,http://img1.daumcdn.net/thumb/C216x216/?fname=http%3A%2F%2Fcfile70.uf.daum.net%2Fimage%2F220F973755F26C49209585,1.98809966530309,303,aaahg,2
772361,9,김단율,http://img1.daumcdn.net/thumb/C216x216/?fname=http%3A%2F%2Fcfile126.uf.daum.net%2Fimage%2F1679BA0C4C64A33D0E0582,1.99516548902938,270,bgdchh,2
42957,1,홍륜의,http://img1.daumcdn.net/thumb/C216x216/?fname=http%3A%2F%2Fcfile69.uf.daum.net%2Fimage%2F121E9F344EB33D4C10DF2F,2.20788397173671,94,hfjce,2
1412484,1,양민영,http://img1.daumcdn.net/thumb/C216x216/?fname=http%3A%2F%2Fcfile30.uf.daum.net%2Fimage%2F265C94445316A299012947,2.49219040535515,21,eiecbeb,2
1673872,7,김하린,http://img1.daumcdn.net/thumb/C216x216/?fname=http%3A%2F%2Ft1.daumcdn.net%2Fcontentshub%2Fsdb%2F85b06aef112c6c61b0943d5edc729660a03229bb2355f4ec53e0c713aaac9a4b,2.05448121978431,179,chidhgb,2
25702,6,장아영,http://img1.daumcdn.net/thumb/C216x216/?fname=http%3A%2F%2Fcfile69.uf.daum.net%2Fimage%2F2553D83555A34567176501,2.12383785793975,120,cahfc,2
1439874,3,곽현,http://img1.daumcdn.net/thumb/C216x216/?fname=http%3A%2F%2Fcfile69.uf.daum.net%2Fimage%2F0336834050D29443035506,2.1065451840833,114,ehijdeb,2
37619,4,이동신,http://img1.daumcdn.net/thumb/C216x216/?fname=http%3A%2F%2Fcfile130.uf.daum.net%2Fimage%2F1228CC084987C435F6F24D,2.08627742655262,132,jbghd,2
1552448,3,권은정,http://img1.daumcdn.net/thumb/C216x216/?fname=http%3A%2F%2Fcfile69.uf.daum.net%2Fimage%2F2711B747566797900C70E9,2.17125325399777,76,ieecffb,3
17433,7,감우성,http://img1.daumcdn.net/thumb/C216x216/?fname=http%3A%2F%2Ft1.daumcdn.net%2Fcontentshub%2Fsdb%2F5ab41be100627e200c0e67e91787da95428c8e182fe8323a43a560f933d4f3cd,2.07995537374489,138,ddehb,2
1747568,1,이찬오,http://img1.daumcdn.net/thumb/C216x216/?fname=http%3A%2F%2Fcfile167.uf.daum.net%2Fimage%2F2471A15055A5DB6901FF8F,2.75808850873931,8,igfhehb,3
31195,3,박재훈,http://img1.daumcdn.net/thumb/C216x216/?fname=http%3A%2F%2Fcfile91.uf.daum.net%2Fimage%2F01777A0248E069FB1EDC87,2.18352547415396,80,fjbbd,2
1794221,2,박연수,http://img1.daumcdn.net/thumb/C216x216/?fname=http%3A%2F%2Fcfile66.uf.daum.net%2Fimage%2F237E3B3E55B6E31C1D89DD,2.25660096690219,53,bccejhb,2
1144405,1,이은,http://img1.daumcdn.net/thumb/C216x216/?fname=http%3A%2F%2Fcfile189.uf.daum.net%2Fimage%2F131B791849EFEEB6710194,2.41502417255485,14,faeeebb,3
482503,2,오성수,http://img1.daumcdn.net/thumb/C216x216/?fname=http%3A%2F%2Fcfile67.uf.daum.net%2Fimage%2F24063B3756A9A77C07BAC9,2.31182595760506,47,dafcie,2
2107595,3,심지수,http://img1.daumcdn.net/thumb/C216x216/?fname=http%3A%2F%2Fm1.daumcdn.net%2Fimg-contents%2Fmovie%2Fv2%2Fmobile%2Fm640%2Fimg_default_300x300_150722.png,2.15396058014132,114,fjfhabc,2
1266386,2,송지수,http://img1.daumcdn.net/thumb/C216x216/?fname=http%3A%2F%2Fcfile30.uf.daum.net%2Fimage%2F19641D4850078CF81AB4B9,2.23633320937151,59,gidggcb,2
75235,3,박재롬,http://img1.daumcdn.net/thumb/C216x216/?fname=http%3A%2F%2Fcfile89.uf.daum.net%2Fimage%2F116E9C1A498F97AAA9C507,2.2140200818148,72,fdcfh,2
74279,7,최수영,http://img1.daumcdn.net/thumb/C216x216/?fname=http%3A%2F%2Ft1.daumcdn.net%2Fcontentshub%2Fsdb%2Fd008753a90d8850a5055f649330e541d4d8200b45909f468f515cf1156a784fe,2.06526589810338,170,jhceh,2
63832,13,이선호,http://img1.daumcdn.net/thumb/C216x216/?fname=http%3A%2F%2Fcfile89.uf.daum.net%2Fimage%2F131E490A4990E7975179E5,1.96225362588323,356,cdidg,2
70780,1,다비,http://img1.daumcdn.net/thumb/C216x216/?fname=http%3A%2F%2Fcfile167.uf.daum.net%2Fimage%2F2333304E55FB781E275345,2.61677203421346,24,aihah,3
537984,2,이은형,http://img1.daumcdn.net/thumb/C216x216/?fname=http%3A%2F%2Fcfile169.uf.daum.net%2Fimage%2F24142E475632D8170CEA89,2.27054667162514,53,eijhdf,2
72442,2,박창익,http://img1.daumcdn.net/thumb/C216x216/?fname=http%3A%2F%2Fcfile126.uf.daum.net%2Fimage%2F1343D505493E0B2325B75E,2.3006693938267,41,ceech,3
811194,12,윤종훈,http://img1.daumcdn.net/thumb/C216x216/?fname=http%3A%2F%2Fcfile127.uf.daum.net%2Fimage%2F213C993F519322FA2AC715,1.98847155076237,335,ejbbbi,2
759617,1,신성희,http://img1.daumcdn.net/thumb/C216x216/?fname=http%3A%2F%2Fm1.daumcdn.net%2Fimg-contents%2Fmovie%2Fv2%2Fmobile%2Fm640%2Fimg_default_300x300_150722.png,2.53198214949795,22,hbgjfh,3
411947,6,이태검,http://img1.daumcdn.net/thumb/C216x216/?fname=http%3A%2F%2Fcfile167.uf.daum.net%2Fimage%2F2450D54652AAB37E08EFD3,2.04351059873559,195,hejbbe,2
1229793,1,장도윤,http://img1.daumcdn.net/thumb/C216x216/?fname=https%3A%2F%2Ft1.daumcdn.net%2Fmovie%2Fa16446d6c2a72a23cfc056f6471c19f64adf81b3,2.43789512830048,21,djhjccb,2
2071721,3,장해민,http://img1.daumcdn.net/thumb/C216x216/?fname=http%3A%2F%2Fcfile67.uf.daum.net%2Fimage%2F2175E34357FEDA461A8A8A,2.1732986240238,93,bchbhac,2
855900,1,손용환,http://img1.daumcdn.net/thumb/C216x216/?fname=http%3A%2F%2Ft1.daumcdn.net%2Fcontentshub%2Fsdb%2F751251f3076635b44edb15d719d266fe210d65ae2ddd7bd239ec4697b42f3b53,2.54908888062477,12,aajffi,2
1279456,1,타히티,http://img1.daumcdn.net/thumb/C216x216/?fname=http%3A%2F%2Fcfile169.uf.daum.net%2Fimage%2F212F673356452F3D29FDFA,2.33246560059502,34,gfejhcb,2
77994,6,이지민,http://img1.daumcdn.net/thumb/C216x216/?fname=http%3A%2F%2Fcfile194.uf.daum.net%2Fimage%2F02359C0148A16DDED0CBCD,2.10282632949052,115,ejjhh,2
24495,5,강현정,http://img1.daumcdn.net/thumb/C216x216/?fname=http%3A%2F%2Fcfile89.uf.daum.net%2Fimage%2F1767400B49DD7ECA8FE7FD,2.06377835626627,151,fjeec,2
1635506,3,스잘김,http://img1.daumcdn.net/thumb/C216x216/?fname=http%3A%2F%2Fcfile127.uf.daum.net%2Fimage%2F225ADA355320067837F34E,2.43603570100409,41,gaffdgb,2
117127,25,김소현,http://img1.daumcdn.net/thumb/C216x216/?fname=http%3A%2F%2Fcfile67.uf.daum.net%2Fimage%2F2448DC4E5672141D118807,1.89289698772778,630,hcbhbb,2
1374592,1,강태윤,http://img1.daumcdn.net/thumb/C216x216/?fname=http%3A%2F%2Fcfile29.uf.daum.net%2Fimage%2F15612D505029A3CC35B2DA,2.39735961323912,38,cjfehdb,2
211927,4,동호,http://img1.daumcdn.net/thumb/C216x216/?fname=http%3A%2F%2Fcfile66.uf.daum.net%2Fimage%2F2750014D5806CFC21834E8,2.07493492004463,149,hcjbbc,2
1290066,1,손석호,http://img1.daumcdn.net/thumb/C216x216/?fname=http%3A%2F%2Fcfile66.uf.daum.net%2Fimage%2F274F7F46568364D021E678,2.46243956861287,43,ggaajcb,2
19087,3,김을동,http://img1.daumcdn.net/thumb/C216x216/?fname=http%3A%2F%2Fcfile167.uf.daum.net%2Fimage%2F23567C3955B720A30AA302,2.16177017478617,81,hiajb,2
63528,1,김민수,http://img1.daumcdn.net/thumb/C216x216/?fname=http%3A%2F%2Fcfile189.uf.daum.net%2Fimage%2F12111E0B49B8952E7800FA,2.65024172554853,17,icfdg,3
842888,2,전성애,http://img1.daumcdn.net/thumb/C216x216/?fname=http%3A%2F%2Fcfile167.uf.daum.net%2Fimage%2F117693504E8D4DAD080AA3,2.19747117887691,68,iiicei,2
940593,3,박유승,http://img1.daumcdn.net/thumb/C216x216/?fname=http%3A%2F%2Fcfile28.uf.daum.net%2Fimage%2F145F77404E1E7AD03673B3,2.1230940870212,137,djfaej,2
18980,31,조미령,http://img1.daumcdn.net/thumb/C216x216/?fname=http%3A%2F%2Fcfile67.uf.daum.net%2Fimage%2F2246E73655D2B297165474,1.89568612867237,617,aijib,2
180948,3,원태,http://img1.daumcdn.net/thumb/C216x216/?fname=http%3A%2F%2Fcfile168.uf.daum.net%2Fimage%2F232E7D44560116C21AE9E3,2.14187430271476,84,iejaib,2
2069145,1,인아,http://img1.daumcdn.net/thumb/C216x216/?fname=http%3A%2F%2Fcfile66.uf.daum.net%2Fimage%2F2222FE4C582906F31A8E21,2.32168092227594,68,febjgac,2
17701,9,이의정,http://img1.daumcdn.net/thumb/C216x216/?fname=http%3A%2F%2Fcfile89.uf.daum.net%2Fimage%2F1255900C499269B125A34E,2.05429527705467,159,bahhb,2
493064,3,엄태구,http://img1.daumcdn.net/thumb/C216x216/?fname=http%3A%2F%2Fcfile25.uf.daum.net%2Fimage%2F0220C00148FC1B2E07B13A,2.12681294161398,112,egadje,2
22869,1,안진경,http://img1.daumcdn.net/thumb/C216x216/?fname=http%3A%2F%2Fcfile167.uf.daum.net%2Fimage%2F22742E3E568392AA1ABD1D,2.24972108590554,67,jgicc,2
18153,1,이한갈,http://img1.daumcdn.net/thumb/C216x216/?fname=http%3A%2F%2Fcfile185.uf.daum.net%2Fimage%2F0267AA0148E4A3BD052783,2.23149869840089,72,dfbib,2
42120,12,조한철,http://img1.daumcdn.net/thumb/C216x216/?fname=http%3A%2F%2Fcfile27.uf.daum.net%2Fimage%2F13207C4B50767BEA246967,1.98029007065824,345,acbce,2
37158,5,김은수,http://img1.daumcdn.net/thumb/C216x216/?fname=http%3A%2F%2Fcfile169.uf.daum.net%2Fimage%2F2159064E54630D302CC01D,2.10487169951655,96,ifbhd,2
19399,13,차인표,http://img1.daumcdn.net/thumb/C216x216/?fname=http%3A%2F%2Fcfile89.uf.daum.net%2Fimage%2F12144B17499A66987B5E0B,1.96597248047601,347,jjdjb,2
852815,1,임세환,http://img1.daumcdn.net/thumb/C216x216/?fname=http%3A%2F%2Fcfile127.uf.daum.net%2Fimage%2F246B414852CA2E8D12F029,2.25195239866121,64,fbicfi,2
795711,1,권채린,http://img1.daumcdn.net/thumb/C216x216/?fname=http%3A%2F%2Fcfile46.uf.daum.net%2Fimage%2F0350090348FBD16B0AFEBB,2.57474897731499,20,bbhfjh,3
491983,14,강철성,http://img1.daumcdn.net/thumb/C216x216/?fname=http%3A%2F%2Fcfile170.uf.daum.net%2Fimage%2F2464414D58B7DB41228F9C,1.93547787281517,463,dijbje,2
66446,2,박형선,http://img1.daumcdn.net/thumb/C216x216/?fname=http%3A%2F%2Fcfile70.uf.daum.net%2Fimage%2F175CB1023E6CCB99D98A58,2.37560431387133,45,geegg,3
511843,2,이서빈,http://img1.daumcdn.net/thumb/C216x216/?fname=http%3A%2F%2Ft1.daumcdn.net%2Fcontentshub%2Fsdb%2F34a2dee99fe9dd85e0f37bac6d640f561708d31caad973847f8f740deacabc70,2.23856452212718,59,deibbf,2
475863,7,최태환,http://img1.daumcdn.net/thumb/C216x216/?fname=http%3A%2F%2Fcfile28.uf.daum.net%2Fimage%2F2461153553F2E91F04DA07,2.12755671253254,144,dgifhe,2
17905,6,경준,http://img1.daumcdn.net/thumb/C216x216/?fname=http%3A%2F%2Fcfile166.uf.daum.net%2Fimage%2F177F88564D4F96B52C30A3,2.12513945704723,110,fajhb,2
66962,1,유정우,http://img1.daumcdn.net/thumb/C216x216/?fname=http%3A%2F%2Fcfile89.uf.daum.net%2Fimage%2F1148380A4989538984E788,2.50353291186315,14,cgjgg,3
1527634,1,투아이즈,http://img1.daumcdn.net/thumb/C216x216/?fname=http%3A%2F%2Fcfile68.uf.daum.net%2Fimage%2F257E184A55F1039C03550F,2.35570844179993,37,edghcfb,2
498343,7,오지연,http://img1.daumcdn.net/thumb/C216x216/?fname=http%3A%2F%2Fcfile70.uf.daum.net%2Fimage%2F277C5E4559222F67318F79,2.03235403495723,220,dedije,2
914058,1,전병옥,http://img1.daumcdn.net/thumb/C216x216/?fname=http%3A%2F%2Fcfile27.uf.daum.net%2Fimage%2F165AC84E4D8FF080096181,2.24135366307177,60,ifaebj,2
691679,13,이아린,http://img1.daumcdn.net/thumb/C216x216/?fname=http%3A%2F%2Fcfile169.uf.daum.net%2Fimage%2F2118A13E5834EFFF14B4D6,1.97675715879509,318,jhgbjg,2
161568,1,이계영,http://img1.daumcdn.net/thumb/C216x216/?fname=http%3A%2F%2Fcfile89.uf.daum.net%2Fimage%2F156551104990E17D5207A3,2.33004834510971,43,igfbgb,2
689587,2,박철현,http://img1.daumcdn.net/thumb/C216x216/?fname=http%3A%2F%2Fcfile30.uf.daum.net%2Fimage%2F203573344CE331AC187299,2.18408330234288,68,hifjig,2
43578,1,이경표,http://img1.daumcdn.net/thumb/C216x216/?fname=http%3A%2F%2Fcfile165.uf.daum.net%2Fimage%2F030FE103ABD3D2C3D40D51,2.49609520267758,12,ihfde,3
17364,4,이은정,http://img1.daumcdn.net/thumb/C216x216/?fname=http%3A%2F%2Fcfile166.uf.daum.net%2Fimage%2F1326ED384EAFAAD8355B75,2.0303086649312,207,egdhb,2
37699,1,이주나,http://img1.daumcdn.net/thumb/C216x216/?fname=http%3A%2F%2Fcfile128.uf.daum.net%2Fimage%2F17474F1B4CB7DE374C7884,2.33915953886203,40,jjghd,3
24218,11,유연미,http://img1.daumcdn.net/thumb/C216x216/?fname=http%3A%2F%2Fcfile69.uf.daum.net%2Fimage%2F2777943858ACF08809B0BB,1.97359613239122,328,ibcec,2
17346,18,김현숙,http://img1.daumcdn.net/thumb/C216x216/?fname=http%3A%2F%2Fcfile93.uf.daum.net%2Fimage%2F0278890248E4AD3907A2D5,2.18110821866865,122,gedhb,2
690462,1,강동우,http://img1.daumcdn.net/thumb/C216x216/?fname=http%3A%2F%2Fcfile169.uf.daum.net%2Fimage%2F193B56494FACCF0A05E840,2.58553365563406,35,cgeajg,2
19674,33,성동일,http://img1.daumcdn.net/thumb/C216x216/?fname=http%3A%2F%2Fcfile167.uf.daum.net%2Fimage%2F2353593B593A2246227230,1.84343622164373,879,ehgjb,2
193007,8,장준유,http://img1.daumcdn.net/thumb/C216x216/?fname=http%3A%2F%2Fcfile28.uf.daum.net%2Fimage%2F176486334FCD9B3E0F9208,2.01692078839717,243,haadjb,2
19392,9,김지우,http://img1.daumcdn.net/thumb/C216x216/?fname=http%3A%2F%2Fcfile44.uf.daum.net%2Fimage%2F0313A30148EA07991E28F2,2.11714391967274,125,cjdjb,2
1559823,3,이유진,http://img1.daumcdn.net/thumb/C216x216/?fname=http%3A%2F%2Fcfile70.uf.daum.net%2Fimage%2F2454934B56EBB6FB096D80,2.20751208627743,67,dcijffb,2
18523,40,김용건,http://img1.daumcdn.net/thumb/C216x216/?fname=http%3A%2F%2Fcfile67.uf.daum.net%2Fimage%2F2164F4415955FC7A3279D7,1.87374488657493,740,dcfib,2
495483,3,김하윤,http://img1.daumcdn.net/thumb/C216x216/?fname=http%3A%2F%2Fcfile69.uf.daum.net%2Fimage%2F125CB1023E94C1540FD07C,2.10431387132763,117,diefje,2
243768,10,이우제,http://img1.daumcdn.net/thumb/C216x216/?fname=http%3A%2F%2Fcfile70.uf.daum.net%2Fimage%2F247AA03B567779C42A784C,1.93622164373373,452,ighdec,2
846800,4,오경수,http://img1.daumcdn.net/thumb/C216x216/?fname=http%3A%2F%2Fcfile89.uf.daum.net%2Fimage%2F153A3B1749A754D5798ACE,2.27370769802901,58,aaigei,2
26128,11,전익령,http://img1.daumcdn.net/thumb/C216x216/?fname=http%3A%2F%2Fcfile136.uf.daum.net%2Fimage%2F026CCE0148E4A38D1A0325,1.98568240981778,297,icbgc,2
18186,13,오승윤,http://img1.daumcdn.net/thumb/C216x216/?fname=http%3A%2F%2Fcfile169.uf.daum.net%2Fimage%2F2409D23558A2A8E905CDE9,1.96615842320565,365,gibib,2
58770,2,조세은,http://img1.daumcdn.net/thumb/C216x216/?fname=http%3A%2F%2Fcfile169.uf.daum.net%2Fimage%2F14794F3B4F8E720A0EA399,2.2201561918929,78,ahhif,2
18724,16,공형진,http://img1.daumcdn.net/thumb/C216x216/?fname=http%3A%2F%2Fcfile184.uf.daum.net%2Fimage%2F020FE103ABD26BAA495102,1.9246931944961,468,echib,2
19358,2,주영훈,http://img1.daumcdn.net/thumb/C216x216/?fname=http%3A%2F%2Fcfile169.uf.daum.net%2Fimage%2F2447853555BF2EB30C80B5,2.24023800669394,68,ifdjb,2
17910,1,엄경천,http://img1.daumcdn.net/thumb/C216x216/?fname=http%3A%2F%2Fcfile70.uf.daum.net%2Fimage%2F1230024C4D1D69191432D2,2.7130903681666,12,abjhb,3
876707,2,호효훈,http://img1.daumcdn.net/thumb/C216x216/?fname=http%3A%2F%2Ft1.daumcdn.net%2Fcontentshub%2Fsdb%2F84666ecbacf0b6d663374998baa5bf3199860a43e1db1ac4bd18846f00848f14,2.09464484938639,147,hahghi,2
31922,2,승리,http://img1.daumcdn.net/thumb/C216x216/?fname=http%3A%2F%2Fcfile170.uf.daum.net%2Fimage%2F2575E34058533CCD21C9C7,2.15210115284492,92,ccjbd,2
2122128,1,유지혁,http://img1.daumcdn.net/thumb/C216x216/?fname=http%3A%2F%2Ft1.daumcdn.net%2Fcontentshub%2Fsdb%2F4a72037218ec4cd5f6019fee77101c8facd26c6757de444a25760dea90732bc4,2.56005950167348,16,icbccbc,3
34412,1,미야마 카렌,http://img1.daumcdn.net/thumb/C216x216/?fname=http%3A%2F%2Fcfile89.uf.daum.net%2Fimage%2F111276274AF3886388744A,2.33488285608033,43,cbeed,3
39751,1,신철진,http://img1.daumcdn.net/thumb/C216x216/?fname=http%3A%2F%2Fcfile170.uf.daum.net%2Fimage%2F205C2D3C4EDEFAF62B1906,2.53291186314615,30,bfhjd,3
66346,1,이원희,http://img1.daumcdn.net/thumb/C216x216/?fname=http%3A%2F%2Fcfile70.uf.daum.net%2Fimage%2F185CB1023E6CA1B2AD73CF,2.5052063964299,13,gedgg,3
1334540,4,김설현,http://img1.daumcdn.net/thumb/C216x216/?fname=http%3A%2F%2Fcfile70.uf.daum.net%2Fimage%2F2744E93F586354301F64A3,2.11863146150985,109,aefeddb,2
1168343,2,인지원,http://img1.daumcdn.net/thumb/C216x216/?fname=http%3A%2F%2Fcfile76.uf.daum.net%2Fimage%2F12214F394ED323A138BD5D,2.35161770174786,62,dedigbb,3
25385,27,엄효섭,http://img1.daumcdn.net/thumb/C216x216/?fname=http%3A%2F%2Fcfile70.uf.daum.net%2Fimage%2F2426EE5056023D3E0993BB,1.87337300111566,730,fidfc,1
543089,1,오혜금,http://img1.daumcdn.net/thumb/C216x216/?fname=http%3A%2F%2Fcfile128.uf.daum.net%2Fimage%2F1336AA4F4FA0EB141729A6,2.46150985496467,27,jiadef,3
792628,1,최우혁,http://img1.daumcdn.net/thumb/C216x216/?fname=http%3A%2F%2Fcfile28.uf.daum.net%2Fimage%2F19761B1F4C91B5CA762FDD,2.61993306061733,18,icgcjh,3
72467,1,허일후,http://img1.daumcdn.net/thumb/C216x216/?fname=http%3A%2F%2Fcfile169.uf.daum.net%2Fimage%2F253DE7435642EA1227FA62,2.48121978430643,17,hgech,3
18874,12,이재은,http://img1.daumcdn.net/thumb/C216x216/?fname=http%3A%2F%2Fcfile166.uf.daum.net%2Fimage%2F217469335910270D37DE18,1.99739680178505,289,ehiib,2
33348,6,윤동환,http://img1.daumcdn.net/thumb/C216x216/?fname=http%3A%2F%2Fcfile180.uf.daum.net%2Fimage%2F017CCD0148E192F20012AE,1.98809966530309,266,ieddd,2
1298085,1,빅스,http://img1.daumcdn.net/thumb/C216x216/?fname=http%3A%2F%2Fcfile170.uf.daum.net%2Fimage%2F2740A04159101B9B32D353,2.35570844179993,37,fiaijcb,2
33947,1,최학락,http://img1.daumcdn.net/thumb/C216x216/?fname=http%3A%2F%2Fcfile68.uf.daum.net%2Fimage%2F204A354F50B8149E16EF83,2.42506507995537,24,hejdd,2
2115824,1,시윤,http://img1.daumcdn.net/thumb/C216x216/?fname=http%3A%2F%2Fcfile168.uf.daum.net%2Fimage%2F2637454C5948814F2E86B4,2.34734101896616,37,ecifbbc,2
846334,6,차엽,http://img1.daumcdn.net/thumb/C216x216/?fname=http%3A%2F%2Fcfile28.uf.daum.net%2Fimage%2F1139621849F6A13B49B794,2.06991446634437,161,eddgei,2
518624,7,양진성,http://img1.daumcdn.net/thumb/C216x216/?fname=http%3A%2F%2Fcfile127.uf.daum.net%2Fimage%2F1932D84B4DEECF32211096,2.06359241353663,148,ecgibf,2
1735701,6,김혜원,http://img1.daumcdn.net/thumb/C216x216/?fname=http%3A%2F%2Fcfile166.uf.daum.net%2Fimage%2F211A194655FF936301BD42,2.06080327259204,172,bahfdhb,2
215907,2,윤채성,http://img1.daumcdn.net/thumb/C216x216/?fname=http%3A%2F%2Fcfile30.uf.daum.net%2Fimage%2F21576534544616030D1204,2.32539977686872,37,hajfbc,2
18666,23,이주현,http://img1.daumcdn.net/thumb/C216x216/?fname=http%3A%2F%2Fcfile26.uf.daum.net%2Fimage%2F124BE60F498660321B16E1,1.92636667906285,504,gggib,2
19718,1,백지연,http://img1.daumcdn.net/thumb/C216x216/?fname=https%3A%2F%2Ft1.daumcdn.net%2Fmovie%2F2bfa3d1a3238513d054e076d56853e90892a9d87,2.62662699888434,23,ibhjb,2
19386,17,이창훈,http://img1.daumcdn.net/thumb/C216x216/?fname=http%3A%2F%2Fcfile170.uf.daum.net%2Fimage%2F2118354B55CC497608B64D,1.96764596504277,387,gidjb,2
23206,2,이호성,http://img1.daumcdn.net/thumb/C216x216/?fname=http%3A%2F%2Fcfile30.uf.daum.net%2Fimage%2F176FB7224A6FFB86267EE8,2.23149869840089,52,gacdc,2
18256,4,다라,http://img1.daumcdn.net/thumb/C216x216/?fname=http%3A%2F%2Fcfile170.uf.daum.net%2Fimage%2F22582150577B060E270C6C,2.07846783190777,185,gfcib,2
18343,14,김영호,http://img1.daumcdn.net/thumb/C216x216/?fname=http%3A%2F%2Fcfile89.uf.daum.net%2Fimage%2F155FB60F4993D3DBD23473,1.95444403123838,379,dedib,2
